{
    "Name": "Raisins",
    "Description": "Dried grapes that make for a tasty snack!",
    "Category": "ArtisanGoods",
    "Edibility": 22,
    "Price": 150,
    "IsColored": false,
    "Recipe": null,
    "GiftTastes":
    {
        "Like": ["Alex", "Caroline", "Clint", "Demetrius", "Dwarf", "Elliott", "Emily", "Evelyn", "George", "Gus", "Harvey", "Jodi", "Kent", "Krobus", "Leah", "Lewis", "Linus", "Marnie", "Maru", "Pam", "Pierre", "Robin", "Sam", "Sandy", "Sebastian", "Shane", "Vincent", "Willy", "Wizard"],
        "Dislike": ["Abigail", "Haley", "Jas", "Penny"],
    },
    "NameLocalization":
    {
        "es": "Pasas",
        "ko": "건포도",
        "de": "Rosinen",
        "fr": "Raisins secs",
        "hu": "Mazsola",
         // "it": "",
        "ja": "レーズン",
        "pt": "Uvas Passas",
        "ru": "Изюм",
         // "tr": "",
        "zh": "葡萄干",
    },
    "DescriptionLocalization":
    {
        "es": "¡Uvas deshidratadas transformadas en un rico aperitivo!",
        "ko": "맛있는 간식인 건포도!",
        "de": "Getrocknete Trauben, ein leckerer Snack!",
        "fr": "Raisins secs qui font un en-cas savoureux!",
        "hu": "Szárított szőlő, mely egy ízletes nassolnivaló.",
         // "it": "",
        "ja": "この乾燥ブドウでおいしいおやつを作れる！",
        "pt": "Uvas desidratadas transformadas em um rico aperitivo!",
        "ru": "Вкусная закуска - сушёный виноград!",
         // "tr": "",
        "zh": "葡萄干，是一种美味的小吃！",
    }
}
