{
    "Name": "Smooth Peanut Butter",
    "Description": "The classic staple. Ground to a silky smooth texture.",
    "Category": "ArtisanGoods",
    "Edibility": 14,
    "Price": 175,
    "IsColored": false,
    "Recipe": null,
    "GiftTastes":
    {
        "Like": ["Harvey", "Kent", "Leah", "Linus", "Vincent"],
        "Neutral": ["Abigail", "Alex", "Caroline", "Clint", "Demetrius", "Dwarf", "Elliott", "Emily", "Evelyn", "George", "Gus", "Haley", "Jas", "Jodi", "Lewis", "Marnie", "Maru", "Pam", "Penny", "Pierre", "Robin", "Sam", "Sandy", "Sebastian", "Shane", "Wizard"],
        "Dislike": ["Krobus", "Willy"],
    },
    "NameLocalization":
    {
        "es": "Mantequilla de maní suave",
        "ko": "부드러운 땅콩 버터",
        "de": "Erdnussbutter",
        "fr": "Beurre d'arachides léger",
        "hu": "Lágy földimogyoróvaj",
         // "it": "",
        "ja": "ピーナッツバター",
        "pt": "Manteiga de Amendoim Suave",
        "ru": "Гладкое арахисовое масло",
         // "tr": "",
        "zh": "花生黄油",
    },
    "DescriptionLocalization":
    {
        "es": "Molido en una textura suave y sedosa.",
        "ko": "실크같은 부드러운 질감의 버터.",
        "de": "Der Klassiker. Fein gemahlen, streichzart.",
        "fr": "Le classique. Revu avec une texture lisse et soyeuse.",
        "hu": "A klasszikus alapanyag, selymesen lágy textúrára őrölve.",
         // "it": "",
        "ja": "定番中の定番。絹の様ななめらかな質感にすりおろして作る。",
        "pt": "Um importante clássico. Moído em uma textura suave e sedosa.",
        "ru": "Классический продукт. Измельчено до гладкой шелковистой текстуры.",
         // "tr": "",
        "zh": "经典的主食搭配。",
    }
}
