{
    "Name": "Habanero Extract",
    "Description": "This liquid has been extracted from a pepper.",
    "Category": "ArtisanGoods",
    "Edibility": -300,
    "Price": 650,
    "IsColored": false,
    "Recipe": null,
    "GiftTastes":
    {
        "Love": ["Krobus", "Shane"],
        "Like": ["Abigail", "Kent", "Sam", "Sandy"],
        "Neutral": ["Alex", "Clint", "Demetrius", "Dwarf", "Emily", "George", "Gus", "Leah", "Linus", "Marnie", "Maru", "Pam", "Penny", "Robin", "Sebastian", "Willy", "Wizard"],
        "Dislike": ["Caroline", "Elliott", "Haley", "Harvey", "Jodi", "Lewis"],
        "Hate": ["Evelyn", "Jas", "Pierre", "Vincent"],
    },
    "NameLocalization":
    {
        "es": "Extracto de habanero",
        "ko": "하바네로 추출액.",
        "de": "Habanero-Extrakt",
        "fr": "Extrait de piment habanero",
        "hu": "Habanero kivonat",
         // "it": "",
        "ja": "ハバネロエキス",
        "pt": "Extrato de Habanero",
        "ru": "Перец «Хабанеро»",
         // "tr": "",
        "zh": "哈瓦那辣椒提取液",
    },
    "DescriptionLocalization":
    {
        "es": "Este líquido ha sido extraído de un pimiento.",
        "ko": "고추에서 추출됐습니다.",
        "de": "Diese Flüssigkeit wurde aus einem Pfeffer extrahiert.",
        "fr": "Ce liquide a été extrait d'un piment.",
        "hu": "Ezt a folyadékot egy paprikából nyerték.",
         // "it": "",
        "ja": "トウガラシから抽出したエキス。",
        "pt": "Este líquido foi extraído de uma pimenta.",
        "ru": "Эта жидкость была извлечена из перца.",
         // "tr": "",
        "zh": "这种液体是从哈瓦那辣椒中提取出来的。",
    }
}
