{
    "Name": "Ground Vegetable",
    "Description": "A jar of ground vegetables.",
    "Category": "ArtisanGoods",
    "Edibility": -300,
    "Price": 150,
    "IsColored": false,
    "Recipe": null,
    "GiftTastes":
    {
        "Dislike": ["Abigail", "Alex", "Caroline", "Clint", "Demetrius", "Dwarf", "Elliott", "Emily", "Evelyn", "George", "Gus", "Haley", "Harvey", "Jas", "Jodi", "Kent", "Krobus", "Leah", "Lewis", "Linus", "Marnie", "Maru", "Pam", "Penny", "Pierre", "Robin", "Sam", "Sandy", "Sebastian", "Shane", "Vincent", "Willy", "Wizard"],
    },
    "NameLocalization":
    {
        "es": "Vegetales molidos",
        "ko": "야채 가루",
        "de": "Gemahlenes Gemüse",
        "fr": "Légumes moulus",
        "hu": "Őrölt zöldség",
         // "it": "",
        "ja": "粉末野菜",
        "pt": "Vegetais Moídos",
        "ru": "Молотый овощ",
         // "tr": "",
        "zh": "蔬菜粉",
    },
    "DescriptionLocalization":
    {
        "es": "Un tarro de vegetales molidas.",
        "ko": "야채 가루 한 병.",
        "de": "Ein Glas voll gemahlenem Gemüse.",
        "fr": "Un bocal de légumes moulus.",
        "hu": "Egy üvegnyi őrölt zöldség.",
         // "it": "",
        "ja": "すりおろした野菜のビン詰め。",
        "pt": "Um recipiente de vegetais moídos.",
        "ru": "Баночка измельчённых овощей.",
         // "tr": "",
        "zh": "一罐蔬菜粉。",
    }
}
