{
    "Name": "Smoker",
    "Description": "A smoker used to smoke fish.",
    "Price": 1,
    "ProvidesLight": false,
    "ReserveNextIndex": true,
    "Recipe":
    {
        "ResultCount": 1,
        "Ingredients": [
        {
            "Object": 335,
            "Count": 10,
        },
        {
            "Object": 382,
            "Count": 20,
        }, ],
        "CanPurchase": false,
        "IsDefault": true,
    },
    "NameLocalization":
    {
        "es": "Ahumador",
        "ko": "연기찜기",
        "de": "Räucherofen",
        "fr": "Fumoir",
        "hu": "Füstölő",
        // "it": "",
        "ja": "くん製器",
        "pt": "Defumador",
        "ru": "Коптильня",
        // "tr": "",
        "zh": "熏炉",
    },
    "DescriptionLocalization":
    {
        "es": "Un ahumador que sirve para pescado y queso",
        "ko": "생선과 치즈를 요리하는 연기찜기.",
        "de": "Ein Räucherofen, der für Fisch und Käse genutzt werden kann.",
        "fr": "Un fumoir utilisé pour enfumer du poisson.",
        "hu": "Egy füstölő, melyet halak füstölésére használnak.",
        // "it": "",
        "ja": "くん製器を使って魚やチーズをいぶす。",
        "pt": "Usado para defumar peixes.",
        "ru": "Коптильня используется для копчения рыбы или сыров.",
        // "tr": "",
        "zh": "用来熏制鱼和奶酪的熏炉。",
    }
}
