{
    "Name": "Black Kombucha",
    "Description": "A standard Kombucha made with Black Tea.",
    "Category": "ArtisanGoods",
    "Edibility": 30,
    "EdibleIsDrink": true,
    "Price": 750,
    "IsColored": false,
    "GiftTastes":
    {
        "Love": ["Harvey", "Leah", "Sebastian"],
        "Like": ["Abigail", "Alex", "Caroline", "Clint", "Demetrius", "Dwarf", "Elliott", "Emily", "Evelyn", "George", "Gus", "Haley", "Jodi", "Kent", "Krobus", "Lewis", "Linus", "Marnie", "Maru", "Pam", "Penny", "Pierre", "Robin", "Sam", "Sandy", "Shane", "Willy", "Wizard"],
        "Hate": ["Jas", "Vincent"],
    },
    "Recipe": null,
    "NameLocalization":
    {
        "es": "Kombucha negro",
        "ko": "블랙 콤부차",
        "de": "Schwarzer Kombucha",
        "fr": "Kombucha noir",
        "hu": "Fekete kombucha",
        // "it": "",
        "ja": "紅茶コンブチャ",
        "pt": "Kombuchá Preto",
        "ru": "Чёрная комбуча",
        // "tr": "",
        "zh": "红康普茶",
    },
    "DescriptionLocalization":
    {
        "es": "Un kombucha estándar hecho con té negro.",
        "ko": "홍차로 만든 일반적인 콤부차.",
        "de": "Ein Standard-Kombucha aus schwarzem Tee.",
        "fr": "Un kombucha standard fait avec du thé noir.",
        "hu": "Egy átlagos kombucha fekete tea felhasználásával.",
        // "it": "",
        "ja": "紅茶で作った標準的なコンブチャ。",
        "pt": "Um Kombuchá padrão feito com chá preto.",
        "ru": "Стандартная комбуча из чёрного чая.",
        // "tr": "",
        "zh": "用红茶制成的标准康普茶。",
    }
}
