{
    "Name": "Soy Sauce",
    "Description": "A traditional condiment.",
    "Category": "ArtisanGoods",
    "Edibility": -300,
    "Price": 200,
    "IsColored": false,
    "Recipe": null,
    "GiftTastes":
    {
        "Dislike": ["Abigail", "Alex", "Caroline", "Clint", "Demetrius", "Dwarf", "Elliott", "Emily", "Evelyn", "George", "Gus", "Haley", "Harvey", "Jas", "Jodi", "Kent", "Krobus", "Leah", "Lewis", "Linus", "Marnie", "Maru", "Pam", "Penny", "Pierre", "Robin", "Sam", "Sandy", "Sebastian", "Shane", "Vincent", "Willy", "Wizard"],
    },
    "NameLocalization":
    {
        "es": "Salsa de soja",
        "ko": "간장",
        "de": "Sojasauce",
        "fr": "Sauce soya",
        "hu": "Szójaszósz",
         // "it": "",
        "ja": "醤油",
        "pt": "Molho de Soja",
        "ru": "Соевый соус",
         // "tr": "",
        "zh": "酱油",
    },
    "DescriptionLocalization":
    {
        "es": "Un condimento tradicional.",
        "ko": "전통 조미료.",
        "de": "Eine traditionelle Würze.",
        "fr": "Un condiment traditionnel.",
        "hu": "Egy tradícionális fűszer.",
         // "it": "",
        "ja": "伝統ある調味料。",
        "pt": "Um condimento tradicional.",
        "ru": "Традиционная приправа.",
         // "tr": "",
        "zh": "传统的调味品。",
    }
}
