{
    "Name": "Smoked Lake Fish",
    "Description": "A simple dish of smoked lake fish. It was smoking for hours.",
    "Category": "ArtisanGoods",
    "Edibility": 60,
    "Price": 100,
    "IsColored": false,
    "Recipe": null,
    "GiftTastes":
    {
        "Dislike": ["Abigail", "Alex", "Caroline", "Clint", "Dwarf", "Emily", "George", "Gus", "Harvey", "Jas", "Jodi", "Kent", "Krobus", "Leah", "Lewis", "Marnie", "Maru", "Penny", "Robin", "Sam", "Sandy", "Shane", "Vincent", "Wizard"],
        "Hate": ["Evelyn", "Haley", "Pierre"],
    },
    "NameLocalization":
    {
        "es": "Pez de lago ahumado",
        "ko": "호수 훈제어",
        "de": "Geräucherter Seefisch",
        "fr": "Poisson de lac fumé",
        "hu": "Füstölt tavi hal",
        // "it": "",
        "ja": "湖の魚のくん製",
        "pt": "Peixe Defumado de Lago",
        "ru": "Копчёная озёрная рыба",
        // "tr": "",
        "zh": "烟熏湖鱼",
    },
    "DescriptionLocalization":
    {
        "es": "Un plato simple de pescado de lago ahumado. Estuvo ahumandose durante horas.",
        "ko": "간단한 훈제 호수어. 훈제하는데 몇 시간이 소요됩니다.",
        "de": "Ein einfaches Gericht mit über Stunden geräuchertem Seefisch.",
        "fr": "Un simple plat fait avec un poisson de lac fumé. Il a été enfumé pendant des heures.",
        "hu": "Egy egyszerű étel füstölt tavi halból. Órákig füstölték.",
        // "it": "",
        "ja": "シンプルな魚のくん製。時間をかけていぶした。",
        "pt": "Uma simples iguaria de peixe defumado de lago. Foi defumado por várias horas.",
        "ru": "Простое блюдо из копчёной озёрной рыбы. Коптилось часами.",
        // "tr": "",
        "zh": "一盘简单的熏湖鱼。它已经被熏制好几个小时了。",
    }
}
