﻿{
    "Name": "Sake",
    "Description": "A wine fermented from rice. Drink in moderation.",
    "Category": "ArtisanGoods",
    "Edibility": 16,
    "EdibleIsDrink": true,
    "EdibleBuffs":
    {
        "Farming": 0,
        "Fishing": 0,
        "Mining": 0,
        "Luck": 0,
        "Foraging": 0,
        "MaxStamina": 0,
        "MagnetRadius": 0,
        "Speed": -2,
        "Defense": 0,
        "Attack": 0,
        "Duration": 180,
    },
    "Price": 300,
    "IsColored": false,
    "Recipe": null,
    "GiftTastes":
    {
        "Love": ["Pam", "Shane"],
        "Like": ["Gus", "Sebastian"],
        "Neutral": ["Marnie", "Clint", "George", "Abigail", "Alex", "Caroline", "Demetrius", "Dwarf", "Elliott", "Emily", "Evelyn", "Haley", "Harvey", "Jodi", "Kent", "Krobus", "Leah", "Lewis", "Linus", "Maru", "Pierre", "Robin", "Sam", "Sandy", "Willy", "Wizard"],
        "Dislike": ["Penny"],
        "Hate": ["Vincent", "Jas"]
    },
    "NameLocalization":
    {
        "es": "Sake",
        "ko": "사케",
        "de": "Sake",
        "fr": "Saké",
        "hu": "Szaké",
         // "it": "",
        "ja": "日本酒",
        "pt": "Saquê",
        "ru": "Сакэ",
         // "tr": "",
        "zh": "日本米酒",
    },
    "DescriptionLocalization":
    {
        "es": "Una bebida fermentada a partir de arroz. Beber con moderación.",
        "ko": "쌀을 발효시켜 만든 술. 절제해서 드세요.",
        "de": "Ein aus Reis fermentierter Wein. Genieße ihn in Maßen.",
        "fr": "Une boisson fermentée à partir de riz. À boire avec modération.",
        "hu": "Egy bor, melyet a rizs erjesztésével készítenek. Fogyasszad mértékkel!",
         // "it": "",
        "ja": "米を発酵させたワイン。適度に飲んでください。",
        "pt": "Uma bebida fermentada a partir do arroz. Beba com moderação!",        
        "ru": "Вино, сброжённое из риса. Пейте в меру.",
         // "tr": "",
        "zh": "一种由大米发酵的酒。适量饮酒。",
    }
}
