{
    "Name": "Margarine",
    "Description": "You can't believe it's not butter!",
    "Category": "ArtisanGoods",
    "Edibility": -300,
    "Price": 150,
    "IsColored": false,
    "Recipe": null,
    "GiftTastes":
    {
        "Neutral": ["Abigail", "Alex", "Caroline", "Clint", "Demetrius", "Dwarf", "Elliott", "Emily", "Evelyn", "George", "Gus", "Haley", "Harvey", "Jas", "Jodi", "Kent", "Krobus", "Leah", "Lewis", "Linus", "Marnie", "Maru", "Pam", "Penny", "Pierre", "Robin", "Sam", "Sandy", "Sebastian", "Shane", "Vincent", "Willy", "Wizard"],
    },
    "NameLocalization":
    {
        "es": "Margarina",
        "ko": "마가린",
        "de": "Margarine",
        "fr": "Margarine",
        "hu": "Margarin",
         // "it": "",
        "ja": "マーガリン",
        "pt": "Margarina",
        "ru": "Маргарин",
         // "tr": "",
        "zh": "人造黄油",
    },
    "DescriptionLocalization":
    {
        "es": "¡No puedes creer que no sea mantequilla!",
        "ko": "버터가 아니라니, 말도 안 돼요!",
        "de": "Du kannst nicht glauben, dass es keine Butter ist!",
        "fr": "Vous ne pouvez pas croire que ce n'est pas du beurre!",
        "hu": "Nem fogod elhinni, ez nem vaj!",
         // "it": "",
        "ja": "これがバターじゃないなんて信じられない！",
        "pt": "Você não pode acreditar que isso não é manteiga!",
        "ru": "Вы не можете поверить, что это не масло!",
         // "tr": "",
        "zh": "你简直不能相信它是人造的黄油！",
    }
}
