{
    "Name": "Orange Peel",
    "Description": "The perfect zesty garnish.",
    "Category": "ArtisanGoods",
    "Edibility": -300,
    "Price": 100,
    "IsColored": false,
    "Recipe": null,
    "GiftTastes":
    {
        "Love": [ "Gus"],
        "Neutral": ["Clint", "George", "Sebastian", "Abigail", "Alex", "Caroline", "Demetrius", "Marnie", "Dwarf", "Elliott", "Emily", "Evelyn", "Haley", "Harvey", "Jas", "Jodi", "Kent", "Krobus", "Leah", "Lewis", "Linus", "Maru", "Pam", "Penny", "Pierre", "Robin", "Sam", "Sandy", "Shane", "Vincent", "Willy", "Wizard"],
    },

    "NameLocalization":
    {
        "es": "cáscara de naranja",
        "ko": "오렌지 껍질",
        //"de": "",
        "fr": "Zeste d'orange",
        "hu": "Narancshéj",
        // "it": "",
        "ja": "オレンジピール",
        // "pt": "",
        // "ru": "",
        // "tr": "",
        "zh": "橙皮",
    },
    "DescriptionLocalization":
    {
        "es": "La guarnición picante perfecta",
        "ko": "아주 향기로운 껍질.",
        //"de": "",
        "fr": "La garniture acidulée parfaite.",
        // "hu": "",
        // "it": "",
        "ja": "完璧なかんきつの風味の付け合わせ。",
        // "pt": "",
        // "ru": "",
        // "tr": "",
        "zh": "一件完美的装饰品。",
    }

}
