{
    "Name": "Dried Vegetable",
    "Description": "A sack of dried vegetables.",
    "Category": "ArtisanGoods",
    "Edibility": -300,
    "Price": 200,
    "IsColored": true,
    "Recipe": null,
    "GiftTastes":
    {
        "Dislike": ["Abigail", "Alex", "Caroline", "Clint", "Demetrius", "Dwarf", "Elliott", "Emily", "Evelyn", "George", "Gus", "Haley", "Harvey", "Jas", "Jodi", "Kent", "Krobus", "Leah", "Lewis", "Linus", "Marnie", "Maru", "Pam", "Penny", "Pierre", "Robin", "Sam", "Sandy", "Sebastian", "Shane", "Vincent", "Willy", "Wizard"],
    },
    "NameLocalization":
    {
        "es": "Vegetales secos",
        "ko": "말린 야채",
        "de": "Getrocknetes Gemüse",
        "fr": "Légumes séchés",
        "hu": "Szárított zöldség",
         // "it": "",
        "ja": "干し野菜",
        "pt": "Vegetais Secos",
        "ru": "Сушёные овощи",
         // "tr": "",
        "zh": "蔬菜干",
    },
    "DescriptionLocalization":
    {
        "es": "Un saco de verduras secas.",
        "ko": "한 자루의 말린 야채.",
        "de": "Ein Sack mit getrocknetem Gemüse.",
        "fr": "Un sac de légumes séchés.",
        "hu": "Egy zák szárított zöldség.",
         // "it": "",
        "ja": "乾燥させた野菜の袋詰め。",
        "pt": "Uma sacola de verduras secas.",
        "ru": "Мешок с сушёными овощами.",
         // "tr": "",
        "zh": "一包蔬菜干。",
    }
}
