{
    "Name": "Berry Fusion Kombucha",
    "Description": "A flavorful sparkling fruit-blend.",
    "Category": "ArtisanGoods",
    "Edibility": 26,
    "EdibleIsDrink": true,
    "Price": 1050,
    "IsColored": false,
    "Recipe": null,
    "GiftTastes":
    {
        "Like": ["Demetrius", "Jodi", "Kent", "Leah", "Linus", "Pam", "Robin", "Sandy", "Sebastian", "Shane"],
        "Dislike": ["Abigail", "Alex", "Clint", "Dwarf", "Emily", "George", "Gus", "Haley", "Harvey", "Jas", "Krobus", "Lewis", "Marnie", "Maru", "Penny", "Pierre", "Sam", "Vincent", "Willy", "Wizard"],
        "Hate": ["Caroline", "Elliott", "Evelyn"],
    },
    "NameLocalization":
    {
        "es": "Kombucha de fusión de bayas",
        "ko": "베리 퓨전 콤부차",
        "de": "Beerenmischung-Kombucha",
        "fr": "Kombucha de fruits rouges",
       "hu": "Bogyósgyümölcsös kombucha",
        // "it": "",
       "ja": "ベリーフュージョンコンブチャ",
       "pt": "Kombuchá de bagas fundidas",
       "ru": "Ягодная комбуча",
        // "tr": "",
        "zh": "混合浆果康普茶",
    },
    "DescriptionLocalization":
    {
        "es": "Una sabrosa mezcla de frutas espumosas.",
        "ko": "향긋한 스파클링 과일 블렌드.",
        "de": "Eine würzige Fruchtmischung.",
        "fr": "Un savoureux mélange pétillant de fruits.",
       "hu": "Egy ízletes és gyöngyöző gyümölcskeverék.",
        // "it": "",
       "ja": "香り豊かなフルーツブレンド。",
       "pt": "Uma saborosa mistura de frutas espumantes.",
       "ru": "Вкусная игристая фруктовая смесь.",
        // "tr": "",
        "zh": "由混合浆果茶发酵而成，一种可口的水果混合饮料。",
    }
}
