{
    "Name": "Pistachio Ice Cream",
    "Description": "A nutty delicacy.",
    "Category": "ArtisanGoods",
    "Edibility": 38,
    "Price": 300,
    "IsColored": false,
    "Recipe": null,
    "GiftTastes":
    {
        "Love": ["Haley", "Demetrius"],
        "Like": ["Evelyn", "Caroline", "Jodi", "Linus", "Penny", "Sandy", "Clint", "George", "Abigail", "Alex", "Dwarf", "Elliott", "Gus", "Harvey", "Kent", "Lewis", "Maru", "Pam", "Pierre", "Robin", "Sam", "Shane", "Wizard", "Marnie", "Vincent", "Jas"],
        "Dislike": ["Emily", "Leah", "Krobus", "Sebastian", "Willy"]
    },
    "NameLocalization":
    {
        // "es": "",
        "ko": "피스타치오 아이스크림",
        "de": "Pistazien-Eis",
        "fr": "Crème galcée à la pistache",
        "hu": "Pisztáciafagyi",
        // "it": "",
        "ja": "ピスタチオアイスクリーム",
        // "pt": "",
        // "ru": "",
        // "tr": "",
         "zh": "开心果冰淇淋",
    },
    "DescriptionLocalization":
    {
        // "es": "",
        "ko": "견과류의 고소함이 가득!",
        "de": "Eine nussige Delikatesse.",
        "fr": "Un délice!",
        "hu": "Egy pisztáciás finomság.",
        // "it": "",
        "ja": "ナッツの風味でおいしい。",
        // "pt": "",
        // "ru": "",
        // "tr": "",
         "zh": "坚果味的美味冰淇淋。",
    },
    "EnableWithMod": "CPBoardingHouse"
}
