{
  "Name": "Campari",
  "Description": "An aperatif made from Bitter Orange.",
  "Category": "ArtisanGoods",
  "Edibility": 8,
    "EdibleIsDrink": true,
    "EdibleBuffs":
    {
        "Farming": 0,
        "Fishing": 0,
        "Mining": 0,
        "Luck": 0,
        "Foraging": 0,
        "MaxStamina": 0,
        "MagnetRadius": 0,
        "Speed": -2,
        "Defense": 0,
        "Attack": 0,
        "Duration": 180,
    },
  "Price": 350,
  "IsColored": false,
  "Recipe": null,
  "CanPurchase": true,
  "PurchaseFrom": "Gus",
  "PurchasePrice": 350,
      "GiftTastes":
    {
        "Love": ["Pam", "Shane", "Gus"],
        "Like": ["Caroline", "Elliott", "Jodi", "Leah", "Lewis", "Pierre", "Robin"],
        "Neutral": ["Marnie", "Clint", "George", "Sebastian", "Abigail", "Alex", "Demetrius", "Dwarf", "Emily", "Evelyn", "Harvey", "Kent", "Krobus", "Linus", "Maru", "Sam", "Sandy", "Willy", "Wizard"],
        "Dislike": ["Haley", "Penny"],
        "Hate": ["Vincent", "Jas"]
    },
  "EnableWithMod": "MelindaC.FizzyDrinks",

    "NameLocalization":
    {
        "es": "Campari",
        "ko": "캄파리",
        //"de": "",
        "fr": "Campari",
        "hu": "Campari",
        // "it": "",
        "ja": "カンパリ",
        // "pt": "",
        // "ru": "",
        // "tr": "",
        "zh": "金巴利利口酒",
    },
    "DescriptionLocalization":
    {
        "es": "Un aperitivo hecho de naranja amarga",
        "ko": "광귤로 만든 식전주.",
        //"de": "",
        "fr": "Un apéritif fait avec de l'orange amère.",
        "hu": "Keserű narancsból készült aperitif.",
        // "it": "",
        "ja": "ビター・オレンジから作られた食前酒。",
        // "pt": "",
        // "ru": "",
        // "tr": "",
        "zh": "用苦橙制成的开胃酒。",
    }

}
