{
    "Name": "Mezcal",
    "Description": "A spirit distilled from maguey. Drink in moderation.",
    "Category": "ArtisanGoods",
    "Edibility": 14,
    "EdibleIsDrink": true,
    "EdibleBuffs":
    {
        "Farming": 0,
        "Fishing": 0,
        "Mining": 0,
        "Luck": 0,
        "Foraging": 0,
        "MaxStamina": 0,
        "MagnetRadius": 0,
        "Speed": -2,
        "Defense": 0,
        "Attack": 0,
        "Duration": 180,
    },
    "Price": 200,
    "IsColored": false,
    "Recipe": null,
    "CanPurchase": true,
    "PurchaseFrom": "Gus",
    "PurchasePrice": 200,
        "GiftTastes":
    {
        "Love": ["Pam", "Shane"],
        "Like": ["Gus"],
        "Neutral": ["Marnie", "Clint", "George", "Sebastian", "Abigail", "Alex", "Caroline", "Demetrius", "Dwarf", "Elliott", "Emily", "Evelyn", "Haley", "Harvey", "Jodi", "Kent", "Krobus", "Leah", "Lewis", "Linus", "Maru", "Pierre", "Robin", "Sam", "Sandy", "Willy", "Wizard"],
        "Dislike": ["Penny"],
        "Hate": ["Vincent", "Jas"]
    },
    "NameLocalization":
    {
        "es": "Mezcal",
        "ko": "메스칼",
        "de": "Meskal",
        "fr": "Mezcal",
        "hu": "Mezcal",
         // "it": "",
        "ja": "メヒカル",
        "pt": "Mezcal",
        "ru": "Мескаль",
         // "tr": "",
        "zh": "梅斯卡尔",
    },
    "DescriptionLocalization":
    {
        "es": "Una bebida destilada del maguey. Beber con moderación.",
        "ko": "용설란을 증류시켜 만든 술. 절제해서 드세요.",
        "de": "Ein alkoholisches Getränk, das aus Maguey destilliert wurde. Genieße ihn in Maßen.",
        "fr": "Un spiritueux distillé à partir d'agave. À boire avec modération.",
        "hu": "Egy agávéból desztillált szeszesital. Fogyasszad mértékkel.",
         // "it": "",
        "ja": "リュウゼツランから蒸留したスピリット。飲む時はほどほどに。",
        "pt": "Uma bebida fermentada a partir do agave. Beba com moderação!",
        "ru": "Алкогольный напиток, дистиллированный из агавы. Пейте в меру.",
         // "tr": "",
        "zh": "从玛圭龙舌兰中蒸馏出来的酒。适量饮酒。",
    }
}
