{
    "Name": "Prismatic Ice Cream",
    "Description": "It's said to bring great fortune to those who taste it.",
    "Category": "ArtisanGoods",
    "Edibility": 82,
    "EdibleBuffs":
    {
        "Farming": 0,
        "Fishing": 0,
        "Mining": 0,
        "Luck": 3,
        "Foraging": 0,
        "MaxStamina": 0,
        "MagnetRadius": 0,
        "Speed": -2,
        "Defense": 0,
        "Attack": 0,
        "Duration": 180,
    },
    "Price": 3600,
    "IsColored": false,
    "Recipe": null,
    "GiftTastes":
    {
        "Love": ["Demetrius", "Jas", "Vincent"],
        "Like": ["Abigail", "Alex", "Caroline", "Clint", "Dwarf", "Elliott", "Evelyn", "Gus", "George", "Harvey", "Jodi", "Kent", "Lewis", "Linus", "Marnie", "Maru", "Pam", "Penny", "Pierre", "Robin", "Sam", "Sandy", "Shane", "Wizard", ],
        "Dislike": ["Emily", "Leah", "Krobus", "Sebastian", "Willy"],
        "Hate": ["Haley"]
    },
    "NameLocalization":
    {
        "es": "Helado prismático",
        "ko": "프리즘 아이스크림",
        "de": "Prismatisches Eis",
        "fr": "Crème glacée prismatique",
        "hu": "Prizmás fagyi",
         // "it": "",
        "ja": "プリズムアイスクリーム",
        "pt": "Sorvete Prismático",
        "ru": "Призматическое мороженое",
         // "tr": "",
        "zh": "五彩冰淇淋",
    },
    "DescriptionLocalization":
    {
        "es": "Se dice que trae gran fortuna a quienes la prueban.",
        "ko": "먹는 사람들에게 큰 행운을 가져다 준다고 합니다.",
        "de": "Es soll angeblich denen, die es probieren, viel Glück bringen.",
        "fr": "On dit qu'elle apporte une grande fortune à ceux qui la goûtent.",
        "hu": "Azt beszélik fogyasztóját jószerencse fogja érni.",
         // "it": "",
        "ja": "それを味わう人に幸運をもたらすといわれている。",
        "pt": "Se disseram que traz grande fortuna a aqueles que o provam....",
        "ru": "Говорят, оно приносит удачу всем, кто его попробует.",
         // "tr": "",
        "zh": "据说它能给那些品尝它的人带来巨大的财富。",
    }
}
