{
    "Name": "Dark Ale",
    "Description": "Drink in moderation.",
    "Category": "ArtisanGoods",
    "Edibility": 6,
    "EdibleIsDrink": true,
    "EdibleBuffs":
    {
        "Farming": 0,
        "Fishing": 0,
        "Mining": 0,
        "Luck": 0,
        "Foraging": 0,
        "MaxStamina": 0,
        "MagnetRadius": 0,
        "Speed": -2,
        "Defense": 0,
        "Attack": 0,
        "Duration": 180,
    },
    "Price": 400,
    "IsColored": false,
    "Recipe": null,
    "GiftTastes":
    {
        "Love": ["Pam", "Shane"],
        "Like": ["Gus"],
        "Neutral": ["Marnie", "Clint", "George", "Sebastian", "Abigail", "Alex", "Caroline", "Demetrius", "Dwarf", "Elliott", "Emily", "Evelyn", "Haley", "Harvey", "Jodi", "Kent", "Krobus", "Leah", "Lewis", "Linus", "Maru", "Pierre", "Robin", "Sam", "Sandy", "Willy", "Wizard"],
        "Dislike": ["Penny"],
        "Hate": ["Vincent", "Jas"]
    },
    "NameLocalization":
    {
        "es": "Refresco oscuro",
        "ko": "다크 에일",
        "de": "Dunkles Ale",
        "fr": "Bière brune",
        "hu": "Barna sör",
         // "it": "",
        "ja": "ダークエール",
        "pt": "Cerveja Escura",
        "ru": "Темный Эль",
         // "tr": "",
        "zh": "深色艾尔啤酒",
    },
    "DescriptionLocalization":
    {
        "es": "Beber con moderación.",
        "ko": "절제해서 드세요.",
        "de": "Genieß es in Maßen.",
        "fr": "À boire avec modération.",
        "hu": "Fogyasszad mértékkel!",
         // "it": "",
        "ja": "飲む時は適量を守ってほどほどに。",
        "pt": "Beba com moderação.",
        "ru": "Пейте в меру.",
         // "tr": "",
        "zh": "适度饮酒。",
    }
}
