{
    "Name": "Red Kombucha",
    "Description": "A cautionary tale in kombucha recipes.",
    "Category": "ArtisanGoods",
    "Edibility": -50,
    "Price": 150,
    "IsColored": false,
    "Recipe": null,
    "GiftTastes":
    {
        "Hate": ["Jas", "Vincent", "Abigail", "Alex", "Caroline", "Clint", "Demetrius", "Dwarf", "Elliott", "Emily", "George", "Gus", "Evelyn", "Jodi", "Kent", "Krobus", "Lewis", "Marnie", "Maru", "Pam", "Penny", "Pierre", "Robin", "Sam", "Sandy", "Sebastian", "Shane", "Willy", "Wizard", "Haley", "Harvey", "Leah", "Linus"],
    },
    "NameLocalization":
    {
        "es": "Kombucha roja",
        "ko": "레드 콤부차",
        "de": "Roter Kombucha",
        "fr": "Kombucha rouge",
       "hu": "Piros kombucha",
        // "it": "",
       "ja": "赤コンブチャ",
       "pt": "Kombuchá Vermelho",
       "ru": "Красная комбуча",
        // "tr": "",
        "zh": "红蘑菇康普茶",
    },
    "DescriptionLocalization":
    {
        "es": "Una advertencia en las recetas de kombucha.",
        "ko": "콤부차를 만들 때는 아무거나 넣지 말것.",
        "de": "Eine warnende Geschichte in Kombucha-Rezepten.",
        "fr": "Un avertissement parmi les recettes de kombucha.",
       "hu": "Egy elővigyázatossági mese a kombucha receptekben.",
        // "it": "",
       "ja": "教訓を学べるコンブチャ。",
       "pt": "Um cuidado adicioanl nas receitas de Kombuchá",
       "ru": "Поучительная история среди рецептов комбучи.",
        // "tr": "",
        "zh": "研究康普茶配方中的一个教训。",
    }
}
