{
    "Name": "Raspberry Fruit Sorbet",
    "Description": "A refreshing fruit sorbet made from freshly picked raspberries, honey, and lemons.",
    "Category": "ArtisanGoods",
    "Edibility": 60,
    "EdibleIsDrink": false,
    "Price": 490,
    "IsColored": false,
    "Recipe": null,
    "GiftTastes":
    {
        "Love": ["Jas", "Vincent", "Haley"],
        "Like": ["Demetrius", "Elliott", "Harvey", "Jodi", "Kent", "Leah", "Linus", "Pam", "Robin", "Sandy", "Shane"],
        "Neutral": ["Alex", "Caroline", "Clint", "Dwarf", "Emily", "Evelyn", "George", "Gus", "Krobus", "Lewis", "Marnie", "Maru", "Penny", "Pierre", "Sam", "Sebastian", "Willy", "Wizard"],
        "Dislike": ["Abigail"],
    },
    "NameLocalization":
    {
        // "es": "",
        "ko": "라즈베리 과일 셔벗",
        // "de": "",
        "fr": "Sorbet à la framboise",
        "hu": "Málnás sörbet",
        // "it": "",
        "ja": "ラズベリーシャーベット",
        // "pt": "",
        // "ru": "",
        // "tr": "",
         "zh": "树莓果汁雪葩",
    },
    "DescriptionLocalization":
    {
        // "es": "",
        "ko": "갓 딴 산딸기, 꿀, 레몬으로 만든 상큼한 과일 셔벗.",
        // "de": "",
        "fr": "Un sorbet rafraîchissant fait à partir de framboises fraîchement récoltées, de miel et de citron.",
        "hu": "Egy frissítő gyümölcs sörbet frissen szedett málnából, mézből, és citromból.",
        // "it": "",
        "ja": "つみたてのラズベリーとレモンにはちみつを合わせたさわやかなフルーツシャーベット。",
        // "pt": "",
        // "ru": "",
        // "tr": "",
         "zh": "由新鲜采摘的树莓、蜂蜜和柠檬制成的清爽水果雪葩。",
    }
}
