{
    "Name": "Salmonberry Fruit Sorbet",
    "Description": "A refreshing fruit sorbet made from salmonberries, honey, and lemons.",
    "Category": "ArtisanGoods",
    "Edibility": 60,
    "EdibleIsDrink": false,
    "Price": 300,
    "IsColored": false,
    "Recipe": null,
    "GiftTastes":
    {
        "Love": ["Jas", "Vincent"],
        "Like": ["Demetrius", "Haley", "Jodi", "Kent", "Leah", "Pam", "Robin", "Sandy", "Shane"],
        "Dislike": ["Abigail", "Alex", "Clint", "Dwarf", "Emily", "George", "Gus", "Krobus", "Lewis", "Marnie", "Maru", "Penny", "Pierre", "Sam", "sebastian", "Willy", "Wizard"],
        "Hate": ["Caroline", "Elliott", "Evelyn", "Harvey"]
    },
    "NameLocalization":
    {
        // "es": "",
        "ko": "새먼베리 과일 셔벗",
        // "de": "",
        "fr": "Sorbet de baies de saumon",
        "hu": "Díszszeder sörbet",
        // "it": "",
        "ja": "サーモンベリーシャーベット",
        // "pt": "",
        // "ru": "",
        // "tr": "",
        "zh": "美洲大树莓果汁雪葩",
    },
    "DescriptionLocalization":
    {
        // "es": "",
        "ko": "새먼베리, 꿀, 레몬으로 만든 상큼한 과일 셔벗.",
        // "de": "",
        "fr": "Un sorbet rafraîchissant fait à partir de baies de saumon, de miel et de citron.",
        "hu": "Egy frissítő gyümölcs sörbet díszszederből, mézből, és citromból.",
        // "it": "",
        "ja": "サーモンベリーとレモンにはちみつを合わせたさわやかなフルーツシャーベット。",
        // "pt": "",
        // "ru": "",
        // "tr": "",
        "zh": "由美洲大树莓、蜂蜜和柠檬制成的清爽水果雪葩。",
    }
}