{
    "Name": "Strawberry Grapefruit Kombucha",
    "Description": "A flavorful sparkling fruit-blend.",
    "Category": "ArtisanGoods",
    "Edibility": 42,
    "Price": 2000,
    "IsColored": false,
    "Recipe": null,
    "GiftTastes":
    {
        "Love": ["Sebastian", "Demetrius", "Maru", "Robin", "Elliott", "Harvey", "Jodi", "Kent", "Leah", "Linus", "Pam", "Sandy", "Shane"],
        "Like": ["Alex", "Caroline", "Clint", "Demetrius", "Dwarf", "Emily", "Evelyn", "George", "Gus", "Krobus", "Lewis", "Marnie", "Maru", "Penny", "Pierre", "Sam", "Willy", "Wizard"],
        "Neutral": ["Abigail", "Haley", "Jas", "Vincent"],
    },
    "NameLocalization":
    {
        "es": "Kombucha de pomelo de fresa",
        "ko": "딸기 자몽 콤부차",
        "de": "Erdbeer-Grapefruit-Kombucha",
        "fr": "Kombucha de fraise et raisin",
        "hu": "Epres-grapefuitos kombucha",
        // "it": "",
        "ja": "イチゴグレープフルーツコンブチャ",
        "pt": "Kombuchá de Morango e Toranja",
        "ru": "Клубнично-грейпфрутовая комбуча",
        // "tr": "",
        "zh": "草莓西柚康普茶",
    },
    "DescriptionLocalization":
    {
        "es": "Una sabrosa mezcla de frutas espumosas.",
        "ko": "향긋한 스파클링 과일 블렌드.",
        "de": "Eine würzige Fruchtmischung.",
        "fr": "Un mélange de fruits parfumé et pétillant.",
       "hu": "Ízletes pezsgő gyümölcskeverék.",
        // "it": "",
        "ja": "風味豊かなフルーツブレンド。",
        "pt": "Uma saborosa mistura de frutas espumantes.",
        "ru": "Вкусная игристая фруктовая смесь.",
        // "tr": "",
        "zh": "一种可口的水果混合饮料。",
    }
}
