{
    "Name": "Mango Ice Cream",
    "Description": "A fruity fresh refreshment.",
    "Category": "ArtisanGoods",
    "Edibility": 38,
    "Price": 245,
    "IsColored": false,
    "Recipe": null,
    "GiftTastes":
    {
        "Love": ["Haley", "Demetrius"],
        "Like": ["Evelyn", "Caroline", "Jodi", "Linus", "Penny", "Sandy", "Clint", "George", "Abigail", "Alex", "Dwarf", "Elliott", "Gus", "Harvey", "Kent", "Lewis", "Maru", "Pam", "Pierre", "Robin", "Sam", "Shane", "Wizard", "Marnie", "Vincent", "Jas"],
        "Dislike": ["Emily", "Leah", "Krobus", "Sebastian", "Willy"]
    },
    "NameLocalization":
    {
        // "es": "",
        "ko": "망고 아이스크림",
        "de": "Mango Eis",
        "fr": "Crème glacée à la mangue",
        "hu": "Mangófagyi",
        // "it": "",
        "ja": "マンゴーアイスクリーム",
        // "pt": "",
        // "ru": "",
        // "tr": "",
         "zh": "芒果冰淇淋",
    },
    "DescriptionLocalization":
    {
        // "es": "",
        "ko": "과일향이 향긋하고 신선한 간식.",
        "de": "Eine fruchtig frische Erfrischung.",
        "fr": "Un rafraîchissement fruité.",
        "hu": "Egy gyümölcsös, friss frissítő.",
        // "it": "",
        "ja": "フルーティーで新鮮でさわやかな味。",
        // "pt": "",
        // "ru": "",
        // "tr": "",
         "zh": "清新的芒果风味。",
    }
}
