{
    "Name": "Blueberry Fruit Sorbet",
    "Description": "A refreshing fruit sorbet made from blueberries, honey, and lemons.",
    "Category": "ArtisanGoods",
    "Edibility": 60,
    "EdibleIsDrink": false,
    "Price": 450,
    "IsColored": false,
    "Recipe": null,
    "GiftTastes":
    {
        "Love": ["Jas", "Vincent"],
        "Like": ["Demetrius", "Elliott", "Haley", "Harvey", "Jodi", "Kent", "Leah", "Lewis", "Linus", "Pam", "Robin", "Sandy", "Shane"],
        "Neutral": ["Alex", "Caroline", "Clint", "Dwarf", "Emily", "Evelyn" ,"George", "Gus", "Krobus", "Marnie", "Maru", "Penny", "Pierre", "Sam", "Sebastian", "Willy", "Wizard"],
        "Dislike": ["Abigail"]
    },
    "NameLocalization":
    {
        // "es": "",
        "ko": "블루베리 과일 셔벗",
        // "de": "",
        "fr": "Sorbet aux bleuets",
       "hu": "Áfonya sörbet",
        // "it": "",
        "ja": "ブルーベリーシャーベット",
        // "pt": "",
        // "ru": "",
        // "tr": "",
         "zh": "蓝莓果汁雪葩",
    },
    "DescriptionLocalization":
    {
        // "es": "",
        "ko": "블루베리, 꿀, 레몬으로 만든 상큼한 과일 셔벗.",
        // "de": "",
        "fr": "Un sorbet rafraîchissant fait à partir de bleuets, de miel et de citron.",
       "hu": "Egy frissítő gyümölcs sörbet áfonyából, mézből, és citromból.",
        // "it": "",
        "ja": "ブルーベリーとレモンとハチミツを使った、さわやかなフルーツシャーベット。",
        // "pt": "",
        // "ru": "",
        // "tr": "",
         "zh": "由蓝莓、蜂蜜和柠檬制成的清爽水果雪葩。",
    }
}
