{
    "Name": "Dandelion Kombucha",
    "Description": "Nature knows best.",
    "Category": "ArtisanGoods",
    "Edibility": 26,
    "EdibleIsDrink": true,
    "Price": 490,
    "IsColored": false,
    "Recipe": null,
    "GiftTastes":
    {
        "Like": ["Abigail", "Alex", "Clint", "Demetrius", "Emily", "Evelyn", "Gus", "Harvey", "Kent", "Leah", "Lewis", "Linus", "Marnie", "Maru", "Pam", "Penny", "Pierre", "Robin", "Sandy", "Sebastian"],
        "Dislike": ["Caroline", "Dwarf", "Elliott", "Haley", "Jas", "Krobus", "Sam", "Shane", "Vincent", "Willy", "Wizard"],
        "Hate": ["George", "Jodi"],
    },
    "NameLocalization":
    {
        "es": "Kombucha de diente de león",
        "ko": "민들레 콤부차",
        "de": "Löwenzahn-Kombucha",
        "fr": "Kombucha au pissenlit",
        "hu": "Pitypang kombucha",
        // "it": "",
        "ja": "タンポポコンブチャ",
        "pt": "Kombuchá de Dente de Leão",
        "ru": "Одуванчиковая комбуча",
        // "tr": "",
        "zh": "蒲公英康普茶",
    },
    "DescriptionLocalization":
    {
        "es": "La naturaleza sabe mejor.",
        "ko": "대자연이 가장 잘 알고 있습니다.",
        "de": "Die Natur weiß es am besten.",
        "fr": "Le meilleur de la nature.",
        "hu": "A természet tudja a legjobban...",
        // "it": "",
        "ja": "いい物は自然が教えてくれる。",
        "pt": "A natureza conhece o melhor.",
        "ru": "Природа знает лучше.",
        // "tr": "",
        "zh": "大自然知道最好的。",
    }
}
