{
    "Name": "Butter",
    "Description": "Made from cow's milk and delicious with almost everything.",
    "Category": "ArtisanGoods",
    "Edibility": 22,
    "Price": 175,
    "IsColored": false,
    "Recipe": null,
    "GiftTastes":
    {
        "Love": ["Gus"],
        "Like": ["Abigail", "Alex", "Caroline", "Clint", "Demetrius", "Dwarf", "Elliott", "Emily", "Evelyn", "George", "Haley", "Harvey", "Jodi", "Krobus", "Leah", "Lewis", "Linus", "Marnie", "Maru", "Pam", "Penny", "Pierre", "Robin", "Sam", "Sandy", "Shane", "Willy", "Wizard"],
        "Dislike": ["Jas", "Kent", "Vincent"],
        "Hate": ["Sebastian"],
    },
    "NameLocalization":
    {
        "es": "Mantequilla",
        "ko": "버터",
        "de": "Butter",
        "fr": "Beurre",
        "hu": "Vaj",
         // "it": "",
        "ja": "バター",
        "pt": "Manteiga",
        "ru": "Масло",
         // "tr": "",
        "zh": "黄油",
    },
    "DescriptionLocalization":
    {
        "es": "Elaborado con leche de vaca, es delicioso con casi todo.",
        "ko": "우유로 만드며, 거의 모든 음식에 어울립니다.",
        "de": "Hergestellt aus Kuhmilch und lecker mit fast allem.",
        "fr": "Fabriqué à partir de lait de vache et délicieux avec quasiment tout.",
        "hu": "A tehén tejéből készült és gyakorlatilag mindennel isteni.",
         // "it": "",
        "ja": "牛乳から作られている。常においしい。",
        "pt": "Feito com leite de vaca e delicioso com quase tudo.",
        "ru": "Вкусный почти с чем угодно продукт, сделанный из молока.",
         // "tr": "",
        "zh": "由牛奶制成，它几乎能让所有东西变得美味。",
    }
}
