{
    "Name": "Blue Angel Ice Cream",
    "Description": "Heavenly specialty consisting of blueberries and peppermint.",
    "Category": "ArtisanGoods",
    "Edibility": 38,
    "Price": 245,
    "IsColored": false,
    "Recipe": null,
    "GiftTastes":
    {
        "Love": ["Haley", "Demetrius"],
        "Like": ["Evelyn", "Caroline", "Jodi", "Linus", "Penny", "Sandy", "Clint", "George", "Abigail", "Alex", "Dwarf", "Elliott", "Gus", "Harvey", "Kent", "Lewis", "Maru", "Pam", "Pierre", "Robin", "Sam", "Shane", "Wizard", "Marnie", "Vincent", "Jas"],
        "Dislike": ["Emily", "Leah", "Krobus", "Sebastian", "Willy"]
    },
    "NameLocalization":
    {
        // "es": "",
        "ko": "블루 엔젤",
        "de": "Blauer Engel",
        "fr": "Crème glacée Ange bleu",
        "hu": "kék angyal",
        // "it": "",
        "ja": "ブルーエンジェルアイスクリーム",
        "pt": "Sorvete Anjo Azul",
        // "ru": "",
        // "tr": "",
        "zh": "蓝天使冰淇淋",
    },
    "DescriptionLocalization":
    {
        // "es": "",
        "ko": "블루베리와 페퍼민트로 구성된 천상의 맛.",
        "de": "Himmlische Spezialität, bestehend aus Blaubeeren und Pfefferminz.",
        "fr": "Spécialité céleste composée de bleuets et de menthe poivrée.",
        "hu": "Isteni különlegesség áfonyából és borsmentából.",
        // "it": "",
        "ja": "ブルーベリーとペパーミントでつくった天国産のアイス。",
        "pt": "Especialidade celestial composta de mirtilos e hortelã-pimenta.",
        // "ru": "",
        // "tr": "",
        "zh": "由蓝莓和薄荷组成的天堂特产。",
    }
}