﻿[
    // Still

    {
        "ProducerName": "Still",
        "InputIdentifier": "Almond",
        "InputStack": 2,
        "MinutesUntilReady": 2360,
        "OutputIdentifier": "Amaretto",
        "Sounds": ["Ship"],
    },
    {
        "ProducerName": "Still",
        "InputIdentifier": "-80",
        "InputStack": 1,
        "MinutesUntilReady": 2360,
        "OutputIdentifier": "Bitter",
        "OutputName": "{inputName} Bitter",
        "OutputColorConfig":
        {
            "Type": "ObjectDyeColor",
            "Red": 204,
            "Green": 203,
            "Blue": 243
        },
        "InputPriceBased": true,
        "OutputPriceIncrement": 0,
        "OutputPriceMultiplier": 2,
        "Sounds": ["Ship"],
    },
    {
        "ProducerName": "Still",
        "InputIdentifier": "Corn Malt",
        "InputStack": 1,
        "MinutesUntilReady": 2360,
        "OutputIdentifier": "Bourbon",
        "Sounds": ["Ship"],
    },
    {
        "ProducerName": "Still",
        "InputIdentifier": "348",
        "InputStack": 1,
        "MinutesUntilReady": 6000,
        "OutputIdentifier": "Brandy",
        "Sounds": ["Ship"],
    },
    {
        "ProducerName": "Still",
        "InputIdentifier": "Juniper Berry",
        "InputStack": 1,
        "MinutesUntilReady": 2360,
        "OutputIdentifier": "Gin",
        "Sounds": ["Ship"],
    },
    {
        "ProducerName": "Still",
        "InputIdentifier": "Maguey",
        "InputStack": 1,
        "MinutesUntilReady": 1600,
        "OutputIdentifier": "Mezcal",
        "Sounds": ["Ship"],
    },
    {
        "ProducerName": "Still",
        "InputIdentifier": "270",
        "InputStack": 1,
        "MinutesUntilReady": 1600,
        "OutputIdentifier": "Moonshine",
        "Sounds": ["Ship"],
    },
    {
        "ProducerName": "Still",
        "InputIdentifier": "Sugar Cane",
        "InputStack": 1,
        "MinutesUntilReady": 2360,
        "OutputIdentifier": "Rum",
        "Sounds": ["Ship"],
    },
    {
        "ProducerName": "Still",
        "InputIdentifier": "Barley Malt",
        "InputStack": 1,
        "MinutesUntilReady": 6000,
        "OutputIdentifier": "Scotch",
        "Sounds": ["Ship"],
    },
    {
        "ProducerName": "Still",
        "InputIdentifier": "Sweet Potato",
        "InputStack": 1,
        "MinutesUntilReady": 6000,
        "OutputIdentifier": "Shochu",
        "Sounds": ["Ship"],
    },
    {
        "ProducerName": "Still",
        "InputIdentifier": "Blue Agave",
        "InputStack": 1,
        "MinutesUntilReady": 6000,
        "OutputIdentifier": "Tequila",
        "Sounds": ["Ship"],
    },
    {
        "ProducerName": "Still",
        "InputIdentifier": "398",
        "InputStack": 1,
        "MinutesUntilReady": 6000,
        "OutputIdentifier": "Vermouth",
        "Sounds": ["Ship"],
    },
    {
        "ProducerName": "Still",
        "InputIdentifier": "192",
        "InputStack": 1,
        "MinutesUntilReady": 6000,
        "OutputIdentifier": "Vodka",
        "Sounds": ["Ship"],
    },
    {
        "ProducerName": "Still",
        "InputIdentifier": "Wheat Malt",
        "InputStack": 1,
        "MinutesUntilReady": 6000,
        "OutputIdentifier": "Whiskey",
        "Sounds": ["Ship"],
    },
    {
        "ProducerName": "Still",
        "InputIdentifier": "Bitter Orange",
        "InputStack": 1,
        "MinutesUntilReady": 2360,
        "OutputIdentifier": "Campari",
        "Sounds": ["Ship"],
    },
    {
        "ProducerName": "Still",
        "InputIdentifier": 635,
        "InputStack": 1,
        "MinutesUntilReady": 2360,
        "OutputIdentifier": "Cointreau",
        "Sounds": ["Ship"],
    },
    {
        "ProducerName": "Still",
        "InputIdentifier": "Raspberry",
        "InputStack": 1,
        "MinutesUntilReady": 2360,
        "OutputIdentifier": "Chambord",
        "Sounds": ["Ship"],
    },
    {
        "ProducerName": "Still",
        "InputIdentifier": 408,
        "InputStack": 1,
        "MinutesUntilReady": 2360,
        "OutputIdentifier": "Frangelico",
        "Sounds": ["Ship"],
    },
    {
        "ProducerName": "Still",
        "InputIdentifier": "Cocoa Pod",
        "InputStack": 1,
        "MinutesUntilReady": 2360,
        "OutputIdentifier": "Creme de Cacao",
        "Sounds": ["Ship"],
    },

    // Keg

    {
        "ProducerName": "Keg",
        "InputIdentifier": "Wine Yeast",
        "InputStack": 1,
        "FuelIdentifier": "613",
        "FuelStack": 1,
        "MinutesUntilReady": 2360,
        "OutputIdentifier": "Apple Cider",
        "Sounds": ["Ship"],
    },
    {
        "ProducerName": "Keg",
        "InputIdentifier": "Cassava",
        "InputStack": 1,
        "MinutesUntilReady": 2360,
        "OutputIdentifier": "Cauim",
        "Sounds": ["Ship"],
    },
    {
        "ProducerName": "Keg",
        "InputIdentifier": "Durum",
        "InputStack": 1,
        "MinutesUntilReady": 6000,
        "OutputIdentifier": "Dark Ale",
        "Sounds": ["Ship"],
    },
    {
        "ProducerName": "Keg",
        "InputIdentifier": "Apple Cider",
        "InputStack": 1,
        "MinutesUntilReady": 2360,
        "OutputIdentifier": "Hard Apple Cider",
        "Sounds": ["Ship"],
    },
    {
        "ProducerName": "Keg",
        "InputIdentifier": "goat_milk_item",
        "InputStack": 1,
        "MinutesUntilReady": 2360,
        "OutputIdentifier": "Kefir",
        "Sounds": ["Ship"],
    },
    {
        "ProducerName": "Keg",
        "InputIdentifier": "cow_milk_item",
        "InputStack": 1,
        "MinutesUntilReady": 2360,
        "OutputIdentifier": "Kumis",
        "Sounds": ["Ship"],
    },
    {
        "ProducerName": "Keg",
        "InputIdentifier": "Yogurt",
        "InputStack": 1,
        "MinutesUntilReady": 2360,
        "OutputIdentifier": "Lassi",
        "Sounds": ["Ship"],
    },
    {
        "ProducerName": "Keg",
        "InputIdentifier": "Pear",
        "InputStack": 1,
        "FuelIdentifier": "Yeast",
        "FuelStack": 1,
        "MinutesUntilReady": 6000,
        "OutputIdentifier": "Perry",
        "Sounds": ["Ship"],
    },
    {
        "ProducerName": "Keg",
        "InputIdentifier": "Wheat Malt",
        "InputStack": 1,
        "MinutesUntilReady": 2360,
        "OutputIdentifier": "Porter",
        "Sounds": ["Ship"],
    },
    {
        "ProducerName": "Keg",
        "InputIdentifier": "Maguey",
        "InputStack": 1,
        "MinutesUntilReady": 2360,
        "OutputIdentifier": "Pulque",
        "Sounds": ["Ship"],
    },
    {
        "ProducerName": "Keg",
        "InputIdentifier": "Rice Flour",
        "InputStack": 1,
        "MinutesUntilReady": 6000,
        "OutputIdentifier": "Sake",
        "Sounds": ["Ship"],
    },
    {
        "ProducerName": "Keg",
        "InputIdentifier": "348",
        "InputStack": 1,
        "FuelIdentifier": "Wine Yeast",
        "FuelStack": 1,
        "MinutesUntilReady": 6000,
        "OutputIdentifier": "Sparkling Wine",
        "Sounds": ["Ship"],
    },
    {
        "ProducerName": "Keg",
        "InputIdentifier": "Barley Malt",
        "InputStack": 1,
        "MinutesUntilReady": 6000,
        "OutputIdentifier": "Stout",
        "Sounds": ["Ship"],
    },
    {
        "ProducerName": "Keg",
        "InputIdentifier": "245",
        "InputStack": 1,
        "FuelIdentifier": "406",
        "FuelStack": 1,
        "MinutesUntilReady": 6000,
        "OutputIdentifier": "Umeshu",
        "Sounds": ["Ship"],
    },
    {
        "ProducerName": "Keg",
        "InputIdentifier": "Champagne Grape",
        "InputStack": 1,
        "MinutesUntilReady": 6000,
        "OutputIdentifier": "Champagne",
        "Sounds": ["Ship"],
    },
    {
        "ProducerName": "Keg",
        "InputIdentifier": "Raspberry",
        "InputStack": 1,
        "FuelIdentifier": "Yeast",
        "FuelStack": 1,
        "MinutesUntilReady": 6000,
        "OutputIdentifier": "Framboise Lambic",
        "Sounds": ["Ship"],
    },

    // Glass Jar

    {
        "ProducerName": "Glass Jar",
        "InputIdentifier": "Barley Tea",
        "InputStack": 1,
        "MinutesUntilReady": 1600,
        "OutputIdentifier": "Barley Kombucha",
        "Sounds": ["Ship"],
    },
    {
        "ProducerName": "Glass Jar",
        "InputIdentifier": "Berry Fusion Tea",
        "InputStack": 1,
        "MinutesUntilReady": 1600,
        "OutputIdentifier": "Berry Fusion Kombucha",
        "Sounds": ["Ship"],
    },
    {
        "ProducerName": "Glass Jar",
        "InputIdentifier": "Black Tea",
        "InputStack": 1,
        "MinutesUntilReady": 1600,
        "OutputIdentifier": "Black Kombucha",
        "Sounds": ["Ship"],
    },
    {
        "ProducerName": "Glass Jar",
        "InputIdentifier": "Blue Mist Tea",
        "InputStack": 1,
        "MinutesUntilReady": 1600,
        "OutputIdentifier": "Blue Mist Kombucha",
        "Sounds": ["Ship"],
    },
    {
        "ProducerName": "Glass Jar",
        "InputIdentifier": "Breakfast Tea",
        "InputStack": 1,
        "MinutesUntilReady": 1600,
        "OutputIdentifier": "Breakfast Kombucha",
        "Sounds": ["Ship"],
    },
    {
        "ProducerName": "Glass Jar",
        "InputIdentifier": "Cranberry Pomegranate Tea",
        "InputStack": 1,
        "MinutesUntilReady": 1600,
        "OutputIdentifier": "Cranberry Pomegranate Kombucha",
        "Sounds": ["Ship"],
    },
    {
        "ProducerName": "Glass Jar",
        "InputIdentifier": "Chai Tea",
        "InputStack": 1,
        "MinutesUntilReady": 1600,
        "OutputIdentifier": "Chai Kombucha",
        "Sounds": ["Ship"],
    },
    {
        "ProducerName": "Glass Jar",
        "InputIdentifier": "Chamomile Tea",
        "InputStack": 1,
        "MinutesUntilReady": 1600,
        "OutputIdentifier": "Chamomile Kombucha",
        "Sounds": ["Ship"],
    },
    {
        "ProducerName": "Glass Jar",
        "InputIdentifier": 281,
        "InputStack": 1,
        "MinutesUntilReady": 1600,
        "OutputIdentifier": "Chanterelle Kombucha",
        "Sounds": ["Ship"],
    },
    {
        "ProducerName": "Glass Jar",
        "InputIdentifier": "Earl Grey Tea",
        "InputStack": 1,
        "MinutesUntilReady": 1600,
        "OutputIdentifier": "Earl Grey Kombucha",
        "Sounds": ["Ship"],
    },
    {
        "ProducerName": "Glass Jar",
        "InputIdentifier": "Dandelion Tea",
        "InputStack": 1,
        "MinutesUntilReady": 1600,
        "OutputIdentifier": "Dandelion Kombucha",
        "Sounds": ["Ship"],
    },
    {
        "ProducerName": "Glass Jar",
        "InputIdentifier": 614,
        "InputStack": 1,
        "MinutesUntilReady": 1600,
        "OutputIdentifier": "Green Kombucha",
        "Sounds": ["Ship"],
    },
    {
        "ProducerName": "Glass Jar",
        "InputIdentifier": "Jasmine Tea",
        "InputStack": 1,
        "MinutesUntilReady": 1600,
        "OutputIdentifier": "Jasmine Kombucha",
        "Sounds": ["Ship"],
    },
    {
        "ProducerName": "Glass Jar",
        "InputIdentifier": 404,
        "InputStack": 1,
        "MinutesUntilReady": 1600,
        "OutputIdentifier": "Kombucha",
        "Sounds": ["Ship"],
    },
    {
        "ProducerName": "Glass Jar",
        "InputIdentifier": "Lemon Tea",
        "InputStack": 1,
        "MinutesUntilReady": 1600,
        "OutputIdentifier": "Lemon Kombucha",
        "Sounds": ["Ship"],
    },
    {
        "ProducerName": "Glass Jar",
        "InputIdentifier": "Mint Tea",
        "InputStack": 1,
        "MinutesUntilReady": 1600,
        "OutputIdentifier": "Mint Kombucha",
        "Sounds": ["Ship"],
    },
    {
        "ProducerName": "Glass Jar",
        "InputIdentifier": 257,
        "InputStack": 1,
        "MinutesUntilReady": 1600,
        "OutputIdentifier": "Morel Kombucha",
        "Sounds": ["Ship"],
    },
    {
        "ProducerName": "Glass Jar",
        "InputIdentifier": "Oolong Tea",
        "InputStack": 1,
        "MinutesUntilReady": 1600,
        "OutputIdentifier": "Oolong Kombucha",
        "Sounds": ["Ship"],
    },
    {
        "ProducerName": "Glass Jar",
        "InputIdentifier": "422",
        "InputStack": 1,
        "MinutesUntilReady": 1600,
        "OutputIdentifier": "Purple Kombucha",
        "Sounds": ["Ship"],
    },
    {
        "ProducerName": "Glass Jar",
        "InputIdentifier": "420",
        "InputStack": 1,
        "MinutesUntilReady": 1600,
        "OutputIdentifier": "Red Kombucha",
        "Sounds": ["Ship"],
    },
    {
        "ProducerName": "Glass Jar",
        "InputIdentifier": "Rose Tea",
        "InputStack": 1,
        "MinutesUntilReady": 1600,
        "OutputIdentifier": "Rose Kombucha",
        "Sounds": ["Ship"],
    },
    {
        "ProducerName": "Glass Jar",
        "InputIdentifier": "Spice Tea",
        "InputStack": 1,
        "MinutesUntilReady": 1600,
        "OutputIdentifier": "Spiced Kombucha",
        "Sounds": ["Ship"],
    },
    {
        "ProducerName": "Glass Jar",
        "InputIdentifier": "Strawberry Grapefruit Tea",
        "InputStack": 1,
        "MinutesUntilReady": 1600,
        "OutputIdentifier": "Strawberry Grapefruit Kombucha",
        "Sounds": ["Ship"],
    },
    {
        "ProducerName": "Glass Jar",
        "InputIdentifier": "White Tea",
        "InputStack": 1,
        "MinutesUntilReady": 1600,
        "OutputIdentifier": "White Kombucha",
        "Sounds": ["Ship"],
    },

    // Foreign Cask

    {
        "ProducerName": "Foreign Cask",
        "InputIdentifier": "Soybean",
        "InputStack": 2,
        "MinutesUntilReady": 2360,
        "OutputIdentifier": "Soy Sauce",
        "Sounds": ["Ship"],
    },
    {
        "ProducerName": "Foreign Cask",
        "InputIdentifier": "Cabbage",
        "InputStack": 1,
        "FuelIdentifier": "Soybean",
        "FuelStack": 1,
        "MinutesUntilReady": 2360,
        "OutputIdentifier": "Kimchi",
        "Sounds": ["Ship"],
    },
    {
        "ProducerName": "Foreign Cask",
        "InputIdentifier": "Natto Starter",
        "InputStack": 1,
        "FuelIdentifier": "Soybean",
        "FuelStack": 1,
        "MinutesUntilReady": 2360,
        "OutputIdentifier": "Natto",
        "Sounds": ["Ship"],
    },
    {
        "ProducerName": "Foreign Cask",
        "InputIdentifier": "Miso Starter",
        "InputStack": 1,
        "FuelIdentifier": "Soybean",
        "FuelStack": 1,
        "MinutesUntilReady": 2360,
        "OutputIdentifier": "Miso Paste",
        "Sounds": ["Ship"],
    },

    // Butter Churn

    {
        "ProducerName": "Butter Churn",
        "InputIdentifier": "Almond",
        "InputStack": 1,
        "MinutesUntilReady": 180,
        "OutputIdentifier": "Almond Butter",
        "Sounds": ["Ship"],
    },
    {
        "ProducerName": "Butter Churn",
        "InputIdentifier": "cow_milk_item",
        "InputStack": 1,
        "MinutesUntilReady": 180,
        "OutputIdentifier": "Butter",
        "Sounds": ["Ship"],
    },
    {
        "ProducerName": "Butter Churn",
        "InputIdentifier": "Cashew",
        "InputStack": 1,
        "MinutesUntilReady": 180,
        "OutputIdentifier": "Cashew Butter",
        "Sounds": ["Ship"],
    },
    {
        "ProducerName": "Butter Churn",
        "InputIdentifier": "88",
        "InputStack": 1,
        "MinutesUntilReady": 180,
        "OutputIdentifier": "Coconut Butter",
        "Sounds": ["Ship"],
    },
    {
        "ProducerName": "Butter Churn",
        "InputIdentifier": "223",
        "InputStack": 1,
        "MinutesUntilReady": 180,
        "OutputIdentifier": "Cookie Butter",
        "Sounds": ["Ship"],
    },
    {
        "ProducerName": "Butter Churn",
        "InputIdentifier": "goat_milk_item",
        "InputStack": 1,
        "MinutesUntilReady": 180,
        "OutputIdentifier": "Goat Butter",
        "Sounds": ["Ship"],
    },
    {
        "ProducerName": "Butter Churn",
        "InputIdentifier": "408",
        "InputStack": 1,
        "MinutesUntilReady": 180,
        "OutputIdentifier": "Hazelnut Butter",
        "Sounds": ["Ship"],
    },
    {
        "ProducerName": "Butter Churn",
        "InputIdentifier": "247",
        "InputStack": 1,
        "MinutesUntilReady": 180,
        "OutputIdentifier": "Margarine",
        "Sounds": ["Ship"],
    },
    {
        "ProducerName": "Butter Churn",
        "InputIdentifier": "Peanut",
        "InputStack": 1,
        "MinutesUntilReady": 180,
        "OutputIdentifier": "Smooth Peanut Butter",
        "Sounds": ["Ship"],
    },
    {
        "ProducerName": "Butter Churn",
        "InputIdentifier": "Pecan",
        "InputStack": 1,
        "MinutesUntilReady": 180,
        "OutputIdentifier": "Pecan Butter",
        "Sounds": ["Ship"],
    },
    {
        "ProducerName": "Butter Churn",
        "InputIdentifier": "766",
        "InputStack": 1,
        "MinutesUntilReady": 180,
        "OutputIdentifier": "Slime Butter",
        "Sounds": ["Ship"],
    },
    {
        "ProducerName": "Butter Churn",
        "InputIdentifier": "Soybean",
        "InputStack": 1,
        "MinutesUntilReady": 180,
        "OutputIdentifier": "Soynut Butter",
        "Sounds": ["Ship"],
    },
    {
        "ProducerName": "Butter Churn",
        "InputIdentifier": "421",
        "InputStack": 1,
        "MinutesUntilReady": 180,
        "OutputIdentifier": "Sunflower Butter",
        "Sounds": ["Ship"],
    },
    {
        "ProducerName": "Butter Churn",
        "InputIdentifier": "Walnut",
        "InputStack": 1,
        "MinutesUntilReady": 180,
        "OutputIdentifier": "Walnut Butter",
        "Sounds": ["Ship"],
    },

    // Dehydrator

    {
        "ProducerName": "Dehydrator",
        "InputIdentifier": "-79",
        "InputStack": 1,
        "ExcludeIdentifiers": ["398"],
        "MinutesUntilReady": 2250,
        "OutputIdentifier": "Dried Fruit",
        "OutputName": "Dried {inputName}",
        "OutputTranslationKey": "Dehydrator.Fruit",
        "OutputColorConfig":
        {
            "Type": "ObjectDyeColor",
            "Red": 235,
            "Green": 72,
            "Blue": 71
        },
        "InputPriceBased": true,
        "OutputPriceIncrement": 0,
        "OutputPriceMultiplier": 2,
        "Sounds": ["Ship"],
    },
    {
        "ProducerName": "Dehydrator",
        "InputIdentifier": "398",
        "InputStack": 1,
        "MinutesUntilReady": 2250,
        "OutputIdentifier": "Raisins",
        "Sounds": ["Ship"],
    },

    // Drying Rack

    {
        "ProducerName": "Drying Rack",
        "InputIdentifier": "Barley",
        "InputStack": 1,
        "MinutesUntilReady": 1600,
        "OutputIdentifier": "Barley Malt",
        "Sounds": ["snowyStep"],
    },
    {
        "ProducerName": "Drying Rack",
        "InputIdentifier": "262",
        "InputStack": 1,
        "MinutesUntilReady": 1600,
        "OutputIdentifier": "Wheat Malt",
        "Sounds": ["snowyStep"],
    },
    {
        "ProducerName": "Drying Rack",
        "InputIdentifier": "815",
        "InputStack": 1,
        "MinutesUntilReady": 120,
        "OutputIdentifier": "Matcha Powder",
        "Sounds": ["snowyStep"],
    },
    {
        "ProducerName": "Drying Rack",
        "InputIdentifier": "771",
        "InputStack": 1,
        "MinutesUntilReady": 720,
        "OutputIdentifier": "178",
        "Sounds": ["snowyStep"],
    },
    {
        "ProducerName": "Drying Rack",
        "InputIdentifier": "Dried Flower",
        "InputStack": 1,
        "FuelIdentifier": "Essential Oil",
        "FuelStack": 1,
        "MinutesUntilReady": 1600,
        "AdditionalOutputs": [
        {
            "OutputProbability": 1,
            "OutputIdentifier": "Potpourri",
            "RequiredInputParentIdentifier": ["-80"]
        }, ],
        "KeepInputParentIndex": true,
        "InputPriceBased": true,
        "OutputPriceIncrement": 100,
        "OutputPriceMultiplier": 1.25,
        "Sounds": ["snowyStep"],
    },
    {
        "ProducerName": "Drying Rack",
        "InputIdentifier": "270",
        "InputStack": 1,
        "MinutesUntilReady": 1600,
        "OutputIdentifier": "Corn Malt",
        "Sounds": ["snowyStep"],
    },
    {
        "ProducerName": "Drying Rack",
        "InputIdentifier": "-80",
        "InputStack": 1,
        "MinutesUntilReady": 2250,
        "OutputIdentifier": "Dried Flower",
        "OutputName": "Dried {inputName}",
        "OutputTranslationKey": "DryingRack.Flower",
        "OutputColorConfig":
        {
            "Type": "ObjectDyeColor",
            "Red": 203,
            "Green": 170,
            "Blue": 79
        },
        "InputPriceBased": true,
        "OutputPriceIncrement": 0,
        "OutputPriceMultiplier": 1.75,
        "Sounds": ["snowyStep"],
    },
    {
        "ProducerName": "Drying Rack",
        "InputIdentifier": "herb_item",
        "InputStack": 1,
        "MinutesUntilReady": 2250,
        "OutputIdentifier": "Dried Herb",
        "OutputName": "Dried {inputName}",
        "OutputTranslationKey": "DryingRack.Herb",
        "OutputColorConfig":
        {
            "Type": "ObjectDyeColor",
            "Red": 128,
            "Green": 147,
            "Blue": 49
        },
        "InputPriceBased": true,
        "OutputPriceIncrement": 0,
        "OutputPriceMultiplier": 1.75,
        "Sounds": ["snowyStep"],
    },
    {
        "ProducerName": "Drying Rack",
        "InputIdentifier": "-75",
        "InputStack": 1,
        "MinutesUntilReady": 2250,
        "OutputIdentifier": "Dried Vegetable",
        "OutputName": "Dried {inputName}",
        "OutputTranslationKey": "DryingRack.Vegetable",
        "OutputColorConfig":
        {
            "Type": "ObjectDyeColor",
            "Red": 178,
            "Green": 134,
            "Blue": 107
        },
        "InputPriceBased": true,
        "OutputPriceIncrement": 0,
        "OutputPriceMultiplier": 2,
        "Sounds": ["snowyStep"],
    },
    {
        "ProducerName": "Drying Rack",
        "InputIdentifier": "mushroom_item",
        "InputStack": 1,
        "MinutesUntilReady": 2250,
        "OutputIdentifier": "Dried Mushroom",
        "OutputName": "Dried {inputName}",
        "OutputTranslationKey": "DryingRack.Mushroom",
        "InputPriceBased": true,
        "OutputPriceIncrement": 0,
        "OutputPriceMultiplier": 1.75,
        "Sounds": ["snowyStep"],
    },
    {
        "ProducerName": "Dehydrator",
        "InputIdentifier": "tea_item",
        "InputStack": 1,
        "MinutesUntilReady": 1600,
        "OutputIdentifier": "Dried Tea Leaves",
        "OutputName": "Dried {inputName} Leaves",
        "OutputTranslationKey": "Dehydrator.Tea",
        "OutputColorConfig":
        {
            "Type": "ObjectDyeColor",
            "Red": 124,
            "Green": 202,
            "Blue": 202
        },
        "InputPriceBased": true,
        "OutputPriceIncrement": 150,
        "OutputPriceMultiplier": 1.25,
        "Sounds": ["Ship"],
    },

    // Oil Maker

    {
        "ProducerName": "Oil Maker",
        "InputIdentifier": "88",
        "InputStack": 1,
        "MinutesUntilReady": 60,
        "OutputIdentifier": "Coconut Oil",
        "Sounds": ["bubbles"],
    },
    {
        "ProducerName": "Oil Maker",
        "InputIdentifier": "Cotton Boll",
        "InputStack": 1,
        "MinutesUntilReady": 480,
        "OutputIdentifier": "Cottonseed Oil",
        "Sounds": ["bubbles"],
    },
    {
        "ProducerName": "Oil Maker",
        "InputIdentifier": "Olive",
        "InputStack": 1,
        "MinutesUntilReady": 60,
        "OutputIdentifier": "Olive Oil",
        "Sounds": ["bubbles"],
    },
    {
        "ProducerName": "Oil Maker",
        "InputIdentifier": "Peanut",
        "InputStack": 1,
        "MinutesUntilReady": 480,
        "OutputIdentifier": "Peanut Oil",
        "Sounds": ["bubbles"],
    },
    {
        "ProducerName": "Oil Maker",
        "InputIdentifier": "Sesame Seeds",
        "InputStack": 1,
        "MinutesUntilReady": 480,
        "OutputIdentifier": "Sesame Oil",
        "Sounds": ["bubbles"],
    },

    // Extruder

    {
        "ProducerName": "Extruder",
        "InputIdentifier": "340",
        "InputStack": 1,
        "MinutesUntilReady": 60,
        "OutputIdentifier": "Beeswax",
        "Sounds": ["Ship"],
    },
    {
        "ProducerName": "Extruder",
        "InputIdentifier": "Rice Flour",
        "InputStack": 1,
        "MinutesUntilReady": 360,
        "OutputIdentifier": "Rice Noodles",
        "Sounds": ["Ship"],
    },
    {
        "ProducerName": "Extruder",
        "InputIdentifier": "Buckwheat Flour",
        "InputStack": 1,
        "MinutesUntilReady": 360,
        "OutputIdentifier": "Buckwheat Noodles",
        "Sounds": ["Ship"],
    },
    {
        "ProducerName": "Extruder",
        "InputIdentifier": "Wheat Flour",
        "InputStack": 1,
        "MinutesUntilReady": 360,
        "OutputIdentifier": "Wheat Noodles",
        "Sounds": ["Ship"],
    },
    {
        "ProducerName": "Extruder",
        "InputIdentifier": "Cassava",
        "InputStack": 1,
        "MinutesUntilReady": 1600,
        "OutputIdentifier": "Tapioca",
        "Sounds": ["Ship"],
    },

    // Grinder

    {
        "ProducerName": "Grinder",
        "InputIdentifier": "418",
        "InputStack": 1,
        "MinutesUntilReady": 240,
        "OutputIdentifier": "Saffron",
        "Sounds": ["Ship"],
    },
    {
        "ProducerName": "Grinder",
        "InputIdentifier": "284",
        "InputStack": 1,
        "MinutesUntilReady": 1600,
        "OutputIdentifier": "245",
        "Sounds": ["Ship"],
    },
    {
        "ProducerName": "Grinder",
        "InputIdentifier": "Sugar Beet",
        "InputStack": 1,
        "MinutesUntilReady": 1600,
        "OutputIdentifier": "245",
        "Sounds": ["Ship"],
    },
    {
        "ProducerName": "Grinder",
        "InputIdentifier": "Sugar Cane",
        "InputStack": 1,
        "MinutesUntilReady": 1600,
        "OutputIdentifier": "245",
        "Sounds": ["Ship"],
    },
    {
        "ProducerName": "Grinder",
        "InputIdentifier": "Wasabi Root",
        "InputStack": 1,
        "MinutesUntilReady": 240,
        "OutputIdentifier": "Wasabi Paste",
        "Sounds": ["Ship"],
    },
    {
        "ProducerName": "Grinder",
        "InputIdentifier": "613",
        "InputStack": 1,
        "MinutesUntilReady": 60,
        "OutputIdentifier": "Apple Rind",
        "Sounds": ["Ship"],
    },   
    {
        "ProducerName": "Grinder",
        "InputIdentifier": "270",
        "InputStack": 1,
        "MinutesUntilReady": 1600,
        "OutputIdentifier": "Corn Flour",
        "Sounds": ["Ship"],
    },
    {
        "ProducerName": "Grinder",
        "InputIdentifier": "271",
        "InputStack": 1,
        "MinutesUntilReady": 1600,
        "OutputIdentifier": "Rice Flour",
        "Sounds": ["Ship"],
    },
    {
        "ProducerName": "Grinder",
        "InputIdentifier": "Buckwheat",
        "InputStack": 1,
        "MinutesUntilReady": 1600,
        "OutputIdentifier": "Buckwheat Flour",
        "Sounds": ["Ship"],
    },
    {
        "ProducerName": "Grinder",
        "InputIdentifier": "herb_item",
        "InputStack": 1,
        "MinutesUntilReady": 360,
        "OutputIdentifier": "Ground Herb",
        "OutputName": "Ground {inputName}",
        "OutputTranslationKey": "Grinder.Herb",
        "InputPriceBased": true,
        "OutputPriceIncrement": 0,
        "OutputPriceMultiplier": 1.5,
        "Sounds": ["Ship"],
    },
    {
        "ProducerName": "Grinder",
        "InputIdentifier": "-75",
        "InputStack": 1,
        "ExcludeIdentifiers": ["270", "284", "271"],
        "MinutesUntilReady": 360,
        "OutputIdentifier": "Ground Vegetable",
        "OutputName": "Ground {inputName}",
        "OutputTranslationKey": "Grinder.Vegetable",
        "InputPriceBased": true,
        "OutputPriceIncrement": 0,
        "OutputPriceMultiplier": 1.5,
        "Sounds": ["Ship"],
    },

    {
        "ProducerName": "Grinder",
        "InputIdentifier": "635",
        "InputStack": 1,
        "MinutesUntilReady": 60,
        "OutputIdentifier": "Orange Peel",
        "Sounds": ["Ship"],
    },
    {
        "ProducerName": "Grinder",
        "InputIdentifier": "Lemon",
        "InputStack": 1,
        "MinutesUntilReady": 60,
        "OutputIdentifier": "Lemon Peel",
        "Sounds": ["Ship"],
    },
    {
        "ProducerName": "Grinder",
        "InputIdentifier": "Lime",
        "InputStack": 1,
        "MinutesUntilReady": 60,
        "OutputIdentifier": "Lime Peel",
        "Sounds": ["Ship"],
    },

    // Infuser

    {
        "ProducerName": "Infuser",
        "InputIdentifier": "-79",
        "InputStack": 1,
        "ExcludeIdentifiers": ["613", "636"],
        "MinutesUntilReady": 1600,
        "OutputIdentifier": "Schnapps",
        "OutputName": "{inputName} Schnapps",
        "OutputTranslationKey": "Infuser.Schnapps",
        "OutputColorConfig":
        {
            "Type": "ObjectDyeColor",
            "Red": 204,
            "Green": 203,
            "Blue": 243
        },
        "InputPriceBased": true,
        "OutputPriceIncrement": 0,
        "OutputPriceMultiplier": 2,
        "Sounds": ["Ship"],
    },
    {
        "ProducerName": "Infuser",
        "InputIdentifier": "613",
        "InputStack": 1,
        "MinutesUntilReady": 1600,
        "OutputIdentifier": "Apple Schnapps",
        "Sounds": ["Ship"],
    },
    {
        "ProducerName": "Infuser",
        "InputIdentifier": "636",
        "InputStack": 1,
        "MinutesUntilReady": 1600,
        "OutputIdentifier": "Peach Schnapps",
        "Sounds": ["Ship"],
    },
    {
        "ProducerName": "Infuser",
        "InputIdentifier": "Mint",
        "InputStack": 1,
        "MinutesUntilReady": 1600,
        "OutputIdentifier": "Mint Schnapps",
        "Sounds": ["Ship"],
    },

    // Loom

    {
        "ProducerName": "Loom",
        "InputIdentifier": "336",
        "InputStack": 1,
        "MinutesUntilReady": 180,
        "OutputIdentifier": "Gold Thread",
        "Sounds": ["Ship"],
    },
    {
        "ProducerName": "Loom",
        "InputIdentifier": "Cotton Boll",
        "InputStack": 1,
        "MinutesUntilReady": 180,
        "OutputIdentifier": "Thread",
        "Sounds": ["Ship"],
    },
    {
        "ProducerName": "Loom",
        "InputIdentifier": "178",
        "InputStack": 1,
        "MinutesUntilReady": 180,
        "OutputIdentifier": "Twine",
        "Sounds": ["Ship"],
    },
    {
        "ProducerName": "Loom",
        "InputIdentifier": "771",
        "InputStack": 1,
        "MinutesUntilReady": 120,
        "OutputIdentifier": "Yarn",
        "Sounds": ["Ship"],
    },
    {
        "ProducerName": "Loom",
        "InputIdentifier": "Thread",
        "InputStack": 5,
        "FuelIdentifier": 66,
        "FuelStack": 1,
        "MinutesUntilReady": 240,
        "OutputIdentifier": 789,
        "Sounds": ["Ship"],
    },

    // Yogurt Jar

    {
        "ProducerName": "Yogurt Jar",
        "InputIdentifier": "goat_milk_item",
        "InputStack": 1,
        "MinutesUntilReady": 1600,
        "OutputIdentifier": "Goat Yogurt",
        "Sounds": ["Ship"],
    },
    {
        "ProducerName": "Yogurt Jar",
        "InputIdentifier": "cow_milk_item",
        "InputStack": 1,
        "MinutesUntilReady": 1600,
        "OutputIdentifier": "Yogurt",
        "Sounds": ["Ship"],
    },
    {
        "ProducerName": "Yogurt Jar",
        "InputIdentifier": "-79",
        "InputStack": 1,
        "FuelIdentifier": "-6",
        "FuelStack": 1,
        "MinutesUntilReady": 1600,
        "OutputIdentifier": "Fruit Yogurt",
        "OutputName": "{inputName} Yogurt",
        "OutputTranslationKey": "YogurtJar.Fruit",
        "InputPriceBased": true,
        "OutputPriceIncrement": 0,
        "OutputPriceMultiplier": 1.75,
        "Sounds": ["Ship"],
    },

    // Wax Barrel

    {
        "ProducerName": "Wax Barrel",
        "InputIdentifier": "-80",
        "InputStack": 1,
        "FuelIdentifier": "Beeswax",
        "FuelStack": 1,
        "MinutesUntilReady": 360,
        "OutputIdentifier": "Candle",
        "OutputName": "{inputName} Candle",
        "OutputTranslationKey": "WaxBarrel.Candle",
        "InputPriceBased": true,
        "OutputPriceIncrement": 250,
        "OutputPriceMultiplier": 2,
        "Sounds": ["Ship"],
    },

    // Ice Cream Machine    

    {
        "ProducerName": "Ice Cream Machine",
        "InputIdentifier": "Chocolate",
        "InputStack": 1,
        "FuelIdentifier": "-6",
        "FuelStack": 1,
        "MinutesUntilReady": 120,
        "OutputIdentifier": "Chocolate Ice Cream",
        "Sounds": ["Ship"],
    },
    {
        "ProducerName": "Ice Cream Machine",
        "InputIdentifier": "Matcha Powder",
        "InputStack": 1,
        "FuelIdentifier": "-6",
        "FuelStack": 1,
        "MinutesUntilReady": 120,
        "OutputIdentifier": "Matcha Ice Cream",
        "Sounds": ["Ship"],
    },
    {
        "ProducerName": "Ice Cream Machine",
        "InputIdentifier": "Mint",
        "InputStack": 1,
        "FuelIdentifier": "-6",
        "FuelStack": 1,
        "AdditionalFuel":
        {
            "Chocolate": 1
        },
        "MinutesUntilReady": 120,
        "OutputIdentifier": "Mint Chip Ice Cream",
        "Sounds": ["Ship"],
    },
    {
        "ProducerName": "Ice Cream Machine",
        "InputIdentifier": "635",
        "InputStack": 1,
        "FuelIdentifier": "-6",
        "FuelStack": 1,
        "MinutesUntilReady": 120,
        "OutputIdentifier": "Orange Sherbet",
        "Sounds": ["Ship"],
    },
    {
        "ProducerName": "Ice Cream Machine",
        "InputIdentifier": "400",
        "InputStack": 1,
        "FuelIdentifier": "-6",
        "FuelStack": 1,
        "MinutesUntilReady": 120,
        "OutputIdentifier": "Strawberry Ice Cream",
        "Sounds": ["Ship"],
    },
    {
        "ProducerName": "Ice Cream Machine",
        "InputIdentifier": "Vanilla",
        "InputStack": 1,
        "FuelIdentifier": "-6",
        "FuelStack": 1,
        "MinutesUntilReady": 120,
        "OutputIdentifier": "Vanilla Ice Cream",
        "Sounds": ["Ship"],
    },
    {
        "ProducerName": "Ice Cream Machine",
        "InputIdentifier": "74",
        "InputStack": 1,
        "FuelIdentifier": "-6",
        "FuelStack": 1,
        "MinutesUntilReady": 6000,
        "OutputIdentifier": "Prismatic Ice Cream",
        "Sounds": ["Ship"],
    },
    {
        "ProducerName": "Ice Cream Machine",
        "InputIdentifier": "834",
        "InputStack": 1,
        "FuelIdentifier": "-6",
        "FuelStack": 1,
        "MinutesUntilReady": 120,
        "OutputIdentifier": "Mango Ice Cream",
        "Sounds": ["Ship"],
    },
    {
        "ProducerName": "Ice Cream Machine",
        "InputIdentifier": "638",
        "InputStack": 1,
        "FuelIdentifier": "-6",
        "FuelStack": 1,
        "MinutesUntilReady": 120,
        "OutputIdentifier": "Cherry Ice Cream",
        "Sounds": ["Ship"],
    },
    {
        "ProducerName": "Ice Cream Machine",
        "InputIdentifier": "91",
        "InputStack": 1,
        "FuelIdentifier": "-6",
        "FuelStack": 1,
        "MinutesUntilReady": 120,
        "OutputIdentifier": "Banana Ice Cream",
        "Sounds": ["Ship"],
    },
    {
        "ProducerName": "Ice Cream Machine",
        "InputIdentifier": "Lemon",
        "InputStack": 1,
        "FuelIdentifier": "-6",
        "FuelStack": 1,
        "MinutesUntilReady": 120,
        "OutputIdentifier": "Lemon Ice Cream",
        "Sounds": ["Ship"],
    },
    {
        "ProducerName": "Ice Cream Machine",
        "InputIdentifier": "Lime",
        "InputStack": 1,
        "FuelIdentifier": "-6",
        "FuelStack": 1,
        "MinutesUntilReady": 120,
        "OutputIdentifier": "Lime Ice Cream",
        "Sounds": ["Ship"],
    },
    {
        "ProducerName": "Ice Cream Machine",
        "InputIdentifier": "408",
        "InputStack": 1,
        "FuelIdentifier": "-6",
        "FuelStack": 1,
        "MinutesUntilReady": 120,
        "OutputIdentifier": "Hazelnut Ice Cream",
        "Sounds": ["Ship"],
    },
    {
        "ProducerName": "Ice Cream Machine",
        "InputIdentifier": "Pistachio",
        "InputStack": 1,
        "FuelIdentifier": "-6",
        "FuelStack": 1,
        "MinutesUntilReady": 120,
        "OutputIdentifier": "Pistachio Ice Cream",
        "Sounds": ["Ship"],
    },
    {
        "ProducerName": "Ice Cream Machine",
        "InputIdentifier": "Yogurt",
        "InputStack": 1,
        "FuelIdentifier": "638",
        "FuelStack": 2,
        "MinutesUntilReady": 240,
        "OutputIdentifier": "Cherry Yogurt Ice Cream",
        "Sounds": ["Ship"],
    },
    {
        "ProducerName": "Ice Cream Machine",
        "InputIdentifier": "258",
        "InputStack": 1,
        "FuelIdentifier": "-6",
        "FuelStack": 1,
        "AdditionalFuel":
        {
            "Mint": 1,
        },
        "MinutesUntilReady": 240,
        "OutputIdentifier": "Blue Angel Ice Cream",
        "Sounds": ["Ship"],
    },
    {
        "ProducerName": "Ice Cream Machine",
        "InputIdentifier": "Amaretto",
        "InputStack": 1,
        "FuelIdentifier": "-6",
        "FuelStack": 1,
        "AdditionalFuel":
        {
            "638": 1,
        },
        "MinutesUntilReady": 120,
        "OutputIdentifier": "Amarena Ice Cream",
        "Sounds": ["Ship"],
    },
    {
        "ProducerName": "Ice Cream Machine",
        "InputIdentifier": "Vanilla Ice Cream",
        "InputStack": 1,
        "FuelIdentifier": "-6",
        "FuelStack": 1,
        "AdditionalFuel":
        {
            "Strawberry Ice Cream": 1,
            "Chocolate Ice Cream": 1
        },
        "MinutesUntilReady": 120,
        "OutputIdentifier": "Neapolitan Ice Cream",
        "Sounds": ["Ship"],
    },
    {
        "ProducerName": "Ice Cream Machine",
        "InputIdentifier": "Herbal Lavender",
        "InputStack": 1,
        "FuelIdentifier": "-6",
        "FuelStack": 1,
        "AdditionalFuel":
        {
            "340": 1,
        },
        "MinutesUntilReady": 120,
        "OutputIdentifier": "Honey Lavender Ice Cream",
        "Sounds": ["Ship"],
    },

    // Alembic

    {
        "ProducerName": "Alembic",
        "InputIdentifier": "-80",
        "InputStack": 1,
        "MinutesUntilReady": 720,
        "OutputIdentifier": "Essential Oil",
        "OutputName": "{inputName} Essential Oil",
        "OutputTranslationKey": "Alembic.EssentialOil",
        "InputPriceBased": true,
        "OutputPriceIncrement": 0,
        "OutputPriceMultiplier": 2,
        "OutputColorConfig":
        {
            "Type": "ObjectDyeColor",
            "Red": 210,
            "Green": 175,
            "Blue": 47
        },
        "Sounds": ["Ship"],
    },
    {
        "ProducerName": "Alembic",
        "InputIdentifier": "-79",
        "InputStack": 1,
        "MinutesUntilReady": 720,
        "OutputIdentifier": "Essential Oil",
        "OutputName": "{inputName} Essential Oil",
        "OutputTranslationKey": "Alembic.EssentialOil",
        "InputPriceBased": true,
        "OutputPriceIncrement": 0,
        "OutputPriceMultiplier": 2,
        "OutputColorConfig":
        {
            "Type": "ObjectDyeColor",
            "Red": 210,
            "Green": 175,
            "Blue": 47
        },
        "Sounds": ["Ship"],
    },
    {
        "ProducerName": "Alembic",
        "InputIdentifier": "-75",
        "InputStack": 1,
        "MinutesUntilReady": 720,
        "OutputIdentifier": "Essential Oil",
        "OutputName": "{inputName} Essential Oil",
        "OutputTranslationKey": "Alembic.EssentialOil",
        "PreserveType": null,
        "InputPriceBased": true,
        "OutputPriceIncrement": 0,
        "OutputPriceMultiplier": 2,
        "OutputColorConfig":
        {
            "Type": "ObjectDyeColor",
            "Red": 210,
            "Green": 175,
            "Blue": 47
        },
        "Sounds": ["Ship"],
    },

    // Vinegar Cask

    {
        "ProducerName": "Vinegar Cask",
        "InputIdentifier": "398",
        "InputStack": 1,
        "MinutesUntilReady": 2360,
        "OutputIdentifier": "419",
        "Sounds": ["Ship"],
    },
    {
        "ProducerName": "Vinegar Cask",
        "InputIdentifier": "271",
        "InputStack": 1,
        "MinutesUntilReady": 2360,
        "OutputIdentifier": "419",
        "Sounds": ["Ship"],
    },
    {
        "ProducerName": "Vinegar Cask",
        "InputIdentifier": "613",
        "InputStack": 1,
        "MinutesUntilReady": 2360,
        "OutputIdentifier": "419",
        "Sounds": ["Ship"],
    },
    {
        "ProducerName": "Vinegar Cask",
        "InputIdentifier": "Champagne Grape",
        "InputStack": 1,
        "MinutesUntilReady": 2360,
        "OutputIdentifier": "Champagne Vinegar",
        "Sounds": ["Ship"],
    },

    // Juicer

    {
        "ProducerName": "Juicer",
        "InputIdentifier": "-79",
        "InputStack": 1,
        "MinutesUntilReady": 1440,
        "OutputIdentifier": "Fruit Juice",
        "OutputName": "{inputName} Juice",
        "OutputTranslationKey": "Juice.Fruit",
        "InputPriceBased": true,
        "OutputPriceIncrement": 0,
        "OutputPriceMultiplier": 2,
        "Sounds": ["Ship"],
    },

    // Soap Press

    {
        "ProducerName": "Soap Press",
        "InputIdentifier": "-80",
        "InputStack": 1,
        "FuelIdentifier": "247",
        "FuelStack": 1,
        "MinutesUntilReady": 720,
        "OutputIdentifier": "Handmade Soap",
        "OutputName": "Handmade {inputName} Soap",
        "OutputTranslationKey": "SoapPress.Soap",
        "InputPriceBased": true,
        "OutputPriceIncrement": 250,
        "OutputPriceMultiplier": 2,
        "Sounds": ["Ship"],
    },
    {
        "ProducerName": "Soap Press",
        "InputIdentifier": "408",
        "InputStack": 1,
        "FuelIdentifier": "247",
        "FuelStack": 1,
        "MinutesUntilReady": 720,
        "OutputIdentifier": "Handmade Soap",
        "OutputName": "Handmade {inputName} Soap",
        "OutputTranslationKey": "SoapPress.Soap",
        "InputPriceBased": true,
        "OutputPriceIncrement": 250,
        "OutputPriceMultiplier": 2,
        "Sounds": ["Ship"],
    },
    {
        "ProducerName": "Soap Press",
        "InputIdentifier": "nut_item", //Almond, Cashew, Cocoa Pod, Pecan, Walnut
        "InputStack": 1,
        "FuelIdentifier": "247",
        "FuelStack": 1,
        "MinutesUntilReady": 360,
        "OutputIdentifier": "Handmade Soap",
        "OutputName": "Handmade {inputName} Soap",
        "OutputTranslationKey": "SoapPress.Soap",
        "InputPriceBased": true,
        "OutputPriceIncrement": 250,
        "OutputPriceMultiplier": 2,
        "Sounds": ["Ship"],
    },
    {
        "ProducerName": "Soap Press",
        "InputIdentifier": "fruit_tree_herb_item", //Camphor Leaves, Cinnamon Sticks, Eucalyptus Leaves, Melaleuca Leaves
        "InputStack": 1,
        "FuelIdentifier": "247",
        "FuelStack": 1,
        "MinutesUntilReady": 360,
        "OutputIdentifier": "Handmade Soap",
        "OutputName": "Handmade {inputName} Soap",
        "OutputTranslationKey": "SoapPress.Soap",
        "InputPriceBased": true,
        "OutputPriceIncrement": 250,
        "OutputPriceMultiplier": 2,
        "Sounds": ["Ship"],
    },

    // Mayonnaise Machine

    {
        "ProducerName": "Mayonnaise Machine",
        "InputIdentifier": "558",
        "InputStack": 1,
        "FuelIdentifier": "-5",
        "FuelStack": 1,
        "MinutesUntilReady": 360,
        "OutputIdentifier": "Thunder Mayonnaise",
        "Sounds": ["Ship"],
    },
    {
        "ProducerName": "Mayonnaise Machine",
        "InputIdentifier": "789",
        "InputStack": 1,
        "FuelIdentifier": "-5",
        "FuelStack": 1,
        "MinutesUntilReady": 360,
        "OutputIdentifier": "Lucky Purple Mayonnaise",
        "Sounds": ["Ship"],
    },
    {
        "ProducerName": "Mayonnaise Machine",
        "InputIdentifier": "Avocado",
        "InputStack": 1,
        "FuelIdentifier": "-5",
        "FuelStack": 1,
        "MinutesUntilReady": 360,
        "OutputIdentifier": "Avocado Mayonnaise",
        "Sounds": ["Ship"],
    },
    {
        "ProducerName": "Mayonnaise Machine",
        "InputIdentifier": "Pepper",
        "InputStack": 1,
        "FuelIdentifier": "-5",
        "FuelStack": 1,
        "MinutesUntilReady": 360,
        "OutputIdentifier": "Black Pepper Mayonnaise",
        "Sounds": ["Ship"],
    },
    {
        "ProducerName": "Mayonnaise Machine",
        "InputIdentifier": "Olive Oil",
        "InputStack": 1,
        "FuelIdentifier": "-5",
        "FuelStack": 1,
        "MinutesUntilReady": 360,
        "OutputIdentifier": "Olive Oil Mayonnaise",
        "Sounds": ["Ship"],
    },
    {
        "ProducerName": "Mayonnaise Machine",
        "InputIdentifier": "248",
        "InputStack": 1,
        "FuelIdentifier": "-5",
        "FuelStack": 1,
        "MinutesUntilReady": 360,
        "OutputIdentifier": "Garlic Mayonnaise",
        "Sounds": ["Ship"],
    },
    {
        "ProducerName": "Mayonnaise Machine",
        "InputIdentifier": "Wasabi Root",
        "InputStack": 1,
        "FuelIdentifier": "-5",
        "FuelStack": 1,
        "MinutesUntilReady": 360,
        "OutputIdentifier": "Wasabi Mayonnaise",
        "Sounds": ["Ship"],
    },

    // Smoker

    {
        "ProducerName": "Smoker",
        "InputIdentifier": "fish_ocean",
        "InputStack": 1,
        "FuelIdentifier": "388",
        "FuelStack": 1,
        "MinutesUntilReady": 4320,
        "OutputIdentifier": "Smoked Ocean Fish",
        "OutputName": "Smoked {inputName}",
        "OutputTranslationKey": "Smoker.Fish",
        "InputPriceBased": true,
        "OutputPriceIncrement": 0,
        "OutputPriceMultiplier": 3,
        "Sounds": ["Ship"],
    },
    {
        "ProducerName": "Smoker",
        "InputIdentifier": "fish_river",
        "InputStack": 1,
        "ExcludeIdentifiers": ["139"],
        "FuelIdentifier": "388",
        "FuelStack": 1,
        "MinutesUntilReady": 4320,
        "OutputIdentifier": "Smoked River Fish",
        "OutputName": "Smoked {inputName}",
        "OutputTranslationKey": "Smoker.Fish",
        "InputPriceBased": true,
        "OutputPriceIncrement": 0,
        "OutputPriceMultiplier": 3,
        "Sounds": ["Ship"],
    },
    {
        "ProducerName": "Smoker",
        "InputIdentifier": "139",
        "InputStack": 1,
        "FuelIdentifier": "388",
        "FuelStack": 1,
        "MinutesUntilReady": 4320,
        "OutputIdentifier": "Smoked Salmon",
        "InputPriceBased": false,
        "OutputPriceIncrement": 0,
        "OutputPriceMultiplier": 3,
        "Sounds": ["Ship"],
    },
    {
        "ProducerName": "Smoker",
        "InputIdentifier": "fish_lake",
        "InputStack": 1,
        "FuelIdentifier": "388",
        "FuelStack": 1,
        "MinutesUntilReady": 4320,
        "OutputIdentifier": "Smoked Lake Fish",
        "OutputName": "Smoked {inputName}",
        "OutputTranslationKey": "Smoker.Fish",
        "InputPriceBased": true,
        "OutputPriceIncrement": 0,
        "OutputPriceMultiplier": 3,
        "Sounds": ["Ship"],
    },
    {
        "ProducerName": "Smoker",
        "InputIdentifier": "fish_desert",
        "InputStack": 1,
        "FuelIdentifier": "388",
        "FuelStack": 1,
        "MinutesUntilReady": 4320,
        "OutputIdentifier": "Smoked Lake Fish",
        "OutputName": "Smoked {inputName}",
        "OutputTranslationKey": "Smoker.Fish",
        "InputPriceBased": true,
        "OutputPriceIncrement": 0,
        "OutputPriceMultiplier": 3,
        "Sounds": ["Ship"],
    },
    /*{
        "ProducerName": "Smoker",
        "InputIdentifier": "424", // Cow Cheese
        "InputStack": 1,
        "FuelIdentifier": "388",
        "FuelStack": 1,
        "MinutesUntilReady": 4320,
        "OutputIdentifier": "424",
        "OutputName": "Smoked Cheese",
        "InputPriceBased": true,
        "OutputPriceIncrement": 0,
        "OutputPriceMultiplier": 2,
        "Sounds": ["Ship"],
    },
    {
        "ProducerName": "Smoker",
        "InputIdentifier": "426", // Goat Cheese
        "InputStack": 1,
        "FuelIdentifier": "388",
        "FuelStack": 1,
        "MinutesUntilReady": 4320,
        "OutputIdentifier": "426",
        "OutputName": "Smoked Goat Cheese",
        "InputPriceBased": true,
        "OutputPriceIncrement": 0,
        "OutputPriceMultiplier": 2,
        "Sounds": ["Ship"],
    },*/

    // Espresso Machine

    {
        "ProducerName": "Espresso Machine",
        "InputIdentifier": "186",
        "InputStack": 1,
        "FuelIdentifier": "433",
        "FuelStack": 4,
        "AdditionalFuel":
        {
            "245": 1
        },
        "MinutesUntilReady": 120,
        "OutputIdentifier": "Cafe Latte",
        "Sounds": ["Ship"],
    },
    {
        "ProducerName": "Espresso Machine",
        "InputIdentifier": "Chocolate",
        "InputStack": 1,
        "FuelIdentifier": "433",
        "FuelStack": 4,
        "MinutesUntilReady": 120,
        "OutputIdentifier": "Cafe Mocha",
        "Sounds": ["Ship"],
    },
    {
        "ProducerName": "Espresso Machine",
        "InputIdentifier": "436",
        "InputStack": 1,
        "FuelIdentifier": "433",
        "FuelStack": 4,
        "AdditionalFuel":
        {
            "245": 1
        },
        "MinutesUntilReady": 120,
        "OutputIdentifier": "Cappuccino",
        "Sounds": ["Ship"],
    },
    {
        "ProducerName": "Espresso Machine",
        "InputIdentifier": "395",
        "InputStack": 1,
        "FuelIdentifier": "433",
        "FuelStack": 4,
        "MinutesUntilReady": 120,
        "OutputIdentifier": "Cafe Americano",
        "Sounds": ["Ship"],
    },
    {
        "ProducerName": "Espresso Machine",
        "InputIdentifier": "184",
        "InputStack": 1,
        "FuelIdentifier": "433",
        "FuelStack": 4,
        "MinutesUntilReady": 120,
        "OutputIdentifier": "Macchiato",
        "Sounds": ["Ship"],
    },
    {
        "ProducerName": "Espresso Machine",
        "InputIdentifier": "724",
        "InputStack": 1,
        "FuelIdentifier": "433",
        "FuelStack": 4,
        "MinutesUntilReady": 120,
        "OutputIdentifier": "Maple Macchiato",
        "Sounds": ["Ship"],
    },
    {
        "ProducerName": "Espresso Machine",
        "InputIdentifier": "Mint",
        "InputStack": 1,
        "FuelIdentifier": "433",
        "FuelStack": 4,
        "AdditionalFuel":
        {
            "Chocolate": 1
        },
        "MinutesUntilReady": 120,
        "OutputIdentifier": "Peppermint Mocha",
        "Sounds": ["Ship"],
    },
    {
        "ProducerName": "Espresso Machine",
        "InputIdentifier": "Vanilla Ice Cream",
        "InputStack": 1,
        "FuelIdentifier": "433",
        "FuelStack": 4,
        "MinutesUntilReady": 120,
        "OutputIdentifier": "Affogato",
        "Sounds": ["Ship"],
    },
    {
        "ProducerName": "Espresso Machine",
        "InputIdentifier": "Caramel",
        "InputStack": 1,
        "FuelIdentifier": "433",
        "FuelStack": 4,
        "AdditionalFuel":
        {
            "Salt": 1
        },
        "MinutesUntilReady": 120,
        "OutputIdentifier": "Salted Caramel Mocha",
        "Sounds": ["Ship"],
    },
    {
        "ProducerName": "Espresso Machine",
        "InputIdentifier": "Vanilla",
        "InputStack": 1,
        "FuelIdentifier": "433",
        "FuelStack": 4,
        "MinutesUntilReady": 120,
        "OutputIdentifier": "Vanilla Latte",
        "Sounds": ["Ship"],
    },
    {
        "ProducerName": "Espresso Machine",
        "InputIdentifier": "Whiskey",
        "InputStack": 1,
        "FuelIdentifier": "433",
        "FuelStack": 4,
        "MinutesUntilReady": 120,
        "OutputIdentifier": "Hot Irish Coffee",
        "Sounds": ["Ship"],
    },
    {
        "ProducerName": "Espresso Machine",
        "InputIdentifier": "276",
        "InputStack": 1,
        "FuelIdentifier": "433",
        "FuelStack": 4,
        "AdditionalFuel":
        {
            "-6": 1
        },
        "MinutesUntilReady": 120,
        "OutputIdentifier": "Pumpkin Spice Latte",
        "Sounds": ["Ship"],
    },
    {
        "ProducerName": "Espresso Machine",
        "InputIdentifier": "88",
        "InputStack": 1,
        "FuelIdentifier": "433",
        "FuelStack": 4,
        "MinutesUntilReady": 120,
        "OutputIdentifier": "Toasted Coconut Mocha",
        "Sounds": ["Ship"],
    },

    // Pepper Blender

    {
        "ProducerName": "Pepper Blender",
        "InputIdentifier": "Habanero",
        "InputStack": 1,
        "MinutesUntilReady": 750,
        "OutputIdentifier": "Habanero Extract",
        "Sounds": ["Ship"],
    },
    {
        "ProducerName": "Pepper Blender",
        "InputIdentifier": "Jalapeno",
        "InputStack": 1,
        "MinutesUntilReady": 750,
        "OutputIdentifier": "Jalapeno Extract",
        "Sounds": ["Ship"],
    },

    // Fruit Sorbet Machine

    {
        "ProducerName": "Sorbet Machine",
        "InputIdentifier": "258",
        "InputStack": 1,
        "FuelIdentifier": "245",
        "FuelStack": 1,
        "AdditionalFuel":
        {
            "340": 1,
            "Lemon": 1
        },
        "MinutesUntilReady": 120,
        "OutputIdentifier": "Blueberry Fruit Sorbet",
        "Sounds": ["Ship"],
    },
    {
        "ProducerName": "Sorbet Machine",
        "InputIdentifier": "Dragon Fruit",
        "InputStack": 1,
        "FuelIdentifier": "245",
        "FuelStack": 1,
        "AdditionalFuel":
        {
            "635": 1,
            "91": 1
        },
        "MinutesUntilReady": 120,
        "OutputIdentifier": "Dragon Fruit Fruit Sorbet",
        "Sounds": ["Ship"],
    },
    /*{
        "ProducerName": "Sorbet Machine",
        "InputIdentifier": "Honeydew Melon",
        "InputStack": 1,
        "FuelIdentifier": "245",
        "FuelStack": 1,
        "AdditionalFuel":
        {
            "340": 1,
            "88": 1,
            "Lemon": 1,
        },
        "MinutesUntilReady": 120,
        "OutputIdentifier": "Honeydew Melon Fruit Sorbet",
        "Sounds": ["Ship"],
    },*/
    {
        "ProducerName": "Sorbet Machine",
        "InputIdentifier": "834",
        "InputStack": 1,
        "FuelIdentifier": "245",
        "FuelStack": 1,
        "AdditionalFuel":
        {
            "Lime": 1,
        },
        "MinutesUntilReady": 120,
        "OutputIdentifier": "Mango Fruit Sorbet",
        "Sounds": ["Ship"],
    },
    {
        "ProducerName": "Sorbet Machine",
        "InputIdentifier": "635",
        "InputStack": 1,
        "FuelIdentifier": "245",
        "FuelStack": 1,
        "AdditionalFuel":
        {
            "Lemon": 1,
        },
        "MinutesUntilReady": 120,
        "OutputIdentifier": "Orange Fruit Sorbet",
        "Sounds": ["Ship"],
    },
    {
        "ProducerName": "Sorbet Machine",
        "InputIdentifier": "832",
        "InputStack": 1,
        "FuelIdentifier": "245",
        "FuelStack": 1,
        "AdditionalFuel":
        {
            "Lemon": 1,
        },
        "MinutesUntilReady": 120,
        "OutputIdentifier": "Pineapple Fruit Sorbet",
        "Sounds": ["Ship"],
    },
    {
        "ProducerName": "Sorbet Machine",
        "InputIdentifier": "Dragon Fruit",
        "InputStack": 1,
        "FuelIdentifier": "245",
        "FuelStack": 1,
        "AdditionalFuel":
        {
            "635": 1,
            "Raspberry": 1
        },
        "MinutesUntilReady": 120,
        "OutputIdentifier": "Raspberry Dragon Fruit Fruit Sorbet",
        "Sounds": ["Ship"],
    },
    {
        "ProducerName": "Sorbet Machine",
        "InputIdentifier": "Raspberry",
        "InputStack": 1,
        "FuelIdentifier": "245",
        "FuelStack": 1,
        "AdditionalFuel":
        {
            "340": 1,
            "Lemon": 1
        },
        "MinutesUntilReady": 120,
        "OutputIdentifier": "Raspberry Fruit Sorbet",
        "Sounds": ["Ship"],
    },
    {
        "ProducerName": "Sorbet Machine",
        "InputIdentifier": "Salmonberry",
        "InputStack": 2,
        "FuelIdentifier": "245",
        "FuelStack": 1,
        "AdditionalFuel":
        {
            "340": 1,
            "Lemon": 1
        },
        "MinutesUntilReady": 120,
        "OutputIdentifier": "Salmonberry Fruit Sorbet",
        "Sounds": ["Ship"],
    },
    {
        "ProducerName": "Sorbet Machine",
        "InputIdentifier": "400",
        "InputStack": 1,
        "FuelIdentifier": "245",
        "FuelStack": 1,
        "AdditionalFuel":
        {
            "Dragon Fruit": 1,
            "Lemon": 1,
            "Lime": 1
        },
        "MinutesUntilReady": 120,
        "OutputIdentifier": "Strawberry Dragon Fruit Fruit Sorbet",
        "Sounds": ["Ship"],
    },
    {
        "ProducerName": "Sorbet Machine",
        "InputIdentifier": "400",
        "InputStack": 1,
        "FuelIdentifier": "245",
        "FuelStack": 1,
        "AdditionalFuel":
        {
            "Lemon": 1,
        },
        "MinutesUntilReady": 120,
        "OutputIdentifier": "Strawberry Fruit Sorbet",
        "Sounds": ["Ship"],
    },
]