{
    "Name": "Essential Oil",
    "Description": "A concentrated liquid containing the aroma compounds of a plant.",
    "Category": "ArtisanGoods",
    "Edibility": -300,
    "Price": 50,
    "IsColored": true,
    "Recipe": null,
    "GiftTastes":
    {
        "Love": ["Emily", "Harvey"],
        "Like": ["Abigail", "Caroline", "Demetrius", "Elliott", "Evelyn", "Haley", "Leah", "Linus", "Marnie", "Sandy"],
        "Neutral": ["Alex", "Clint", "Dwarf", "George", "Gus", "Jas", "Jodi", "Kent", "Krobus", "Lewis", "Maru", "Pam", "Penny", "Pierre", "Robin", "Sam", "Sebastian", "Shane", "Vincent", "Willy", "Wizard"],
    },
    "NameLocalization":
    {
        "es": "Aceite esencial",
        "ko": "에센셜 오일",
        "de": "Ätherisches Öl",
        "fr": "Huile essentielle",
        "hu": "Növényi olaj",
         // "it": "",
        "ja": "精油",
        "pt": "Óleo Essencial", 
        "ru": "Эфирное масло",
         // "tr": "",
        "zh": "精油",
    },
    "DescriptionLocalization":
    {
        "es": "Un líquido concentrado que contiene los compuestos aromáticos de una planta.",
        "ko": "식물의 방향 화합물이 포함된 농축액.",
        "de": "Eine konzentrierte Flüssigkeit, die die Aromaverbindungen einer Pflanze enthält.",
        "fr": "Un liquide concentré contenant les composés aromatiques d'une plante.",
        "hu": "Egy sűrített folyadék, mely a növény aroma összetevőit tartalmazza.",
         // "it": "",
        "ja": "植物の芳香成分を濃縮させたエキス。",
        "pt": "Um líquido concentrado que contém os compostos aromáticos de uma planta.",
        "ru": "Концентрированная жидкость, содержащая ароматические соединения растений.",
         // "tr": "",
        "zh": "含有植物芳香化合物的浓缩液体。 ",
    }
}
