{
    "Name": "Thread",
    "Description": "A spool of fine cotton thread.",
    "Category": "ArtisanGoods",
    "Edibility": -300,
    "Price": 125,
    "IsColored": false,
    "Recipe": null,
    "GiftTastes":
    {
        "Love": ["Emily", "Evelyn"],
        "Like": ["Leah"],
        "Neutral": ["Marnie", "Gus", "Clint", "George", "Sebastian", "Abigail", "Alex", "Caroline", "Demetrius", "Dwarf", "Elliott", "Haley", "Harvey", "Jodi", "Kent", "Krobus", "Leah", "Lewis", "Linus", "Maru", "Pierre", "Robin", "Sam", "Sandy", "Willy", "Wizard", "Pam", "Shane", "Penny", "Vincent", "Jas"],
    },
    "NameLocalization":
    {
        "es": "Hebra",
        "ko": "실",
        "de": "Garn",
        "fr": "Fil",
        "hu": "Cérna",
         // "it": "",
        "ja": "糸",
        "pt": "Linha",
        "ru": "Нить",
         // "tr": "",
        "zh": "线",
    },
    "DescriptionLocalization":
    {
        "es": "Un carrete de hilo fino de algodón.",
        "ko": "고급 면사 한 꾸리.",
        "de": "Eine Spule mit feinem Baumwollgarn.",
        "fr": "Une bobine de fil de coton fin.",
        "hu": "Egy orsó finom pamutfonalból",
         // "it": "",
        "ja": "コットンを細く巻いた糸。",
        "pt": "Um carretel de fio fino de algodão.",
        "ru": "Катушка из тонкой хлопковой нити.",
         // "tr": "",
        "zh": "一卷细棉线。",
    }
}
