{
    "Name": "Affogato",
    "Description": "Rich black coffee with a scoop of vanilla ice cream melting inside.",
    "Category": "ArtisanGoods",
    "Edibility": 40,
    "EdibleIsDrink": true,
    "EdibleBuffs":
    {
        "Farming": 0,
        "Fishing": 0,
        "Mining": 0,
        "Luck": 1,
        "Foraging": 0,
        "MaxStamina": 0,
        "MagnetRadius": 0,
        "Speed": 1,
        "Defense": 0,
        "Attack": 0,
        "Duration": 180,
    },
    "Price": 600,
    "IsColored": false,
    "Recipe": null,
    "NameLocalization":
    {
        "es": "Affogato",
        "ko": "아포카토",
        "de": "Affogato",
        "fr": "Affogato",
        "hu": "Affogato",
         // "it": "",
        "ja": "アフォガード",
        "pt": "Affogato",        
        "ru": "Аффогато",
         // "tr": "",
        "zh": "阿芙佳朵",
    },
    "DescriptionLocalization":
    {
        "es": "Café negro con una cucharada de helado de vainilla que se derrite por dentro.",
        "ko": "바닐라 아이스크림 한 숟갈이 녹아있는 블랙커피.",
        "de": "Kräftiger schwarzer Kaffee mit einer Kugel Vanilleeis, die darin schmilzt.",
        "fr": "Café noir riche avec une boule de crème glacée à la vanille fondante à l'intérieur.",
        "hu": "Gazdag fekete kávé egy gombóc vanília fagylalttal a közepén",
         // "it": "",
        "ja": "バニラアイスクリームを落し入れたリッチなコーヒー。",
        "pt": "Café preto com uma colher gelada de baunilha que derrete-se por dentro.",
        "ru": "Десерт из насыщенного черного кофе с шариком ванильного мороженого, тающий внутри.",
         // "tr": "",
        "zh": "浓郁的黑咖啡，往里混入一勺香草冰淇淋。",
    }
}
