{
    "Name": "Lime Peel",
    "Description": "A tropical garnish.",
    "Category": "ArtisanGoods",
    "Edibility": -300,
    "Price": 100,
    "IsColored": false,
    "Recipe": null,
    "GiftTastes":
    {
        "Love": ["Gus"],
        "Neutral": ["Clint", "George", "Sebastian", "Abigail", "Alex", "Caroline", "Demetrius", "Marnie", "Dwarf", "Elliott", "Emily", "Evelyn", "Haley", "Harvey", "Jas", "Jodi", "Kent", "Krobus", "Leah", "Lewis", "Linus", "Maru", "Pam", "Penny", "Pierre", "Robin", "Sam", "Sandy", "Shane", "Vincent", "Willy", "Wizard"],
    },

    "NameLocalization":
    {
        "es": "Cáscara de lima",
        "ko": "라임 껍질",
        //"de": "",
        "fr": "Zeste de lime",
        "hu": "Limehéj",
        // "it": "",
        "ja": "ライムピール",
        // "pt": "",
        // "ru": "",
        // "tr": "",
        "zh": "青柠皮",
    },
    "DescriptionLocalization":
    {
        "es": "Una guarnicion tropical",
        "ko": "화려한 색의 껍질.",
        //"de": "",
        "fr": "Une garniture tropicale.",
        "hu": "Egy trópusi ízesítő.",
        // "it": "",
        "ja": "トロピカルな付け合わせ。",
        // "pt": "",
        // "ru": "",
        // "tr": "",
        "zh": "一件热带风格的装饰品。",
    }

}
