{
    "Name": "Pizokel",
    "Description": "A buckwheat pasta reminiscent of spätzle",
    "Category": "Cooking",
    "Edibility": 61,
    "EdibleIsDrink": false,
    "EdibleBuffs": null,
    "Price": 700,
    "IsColored": false,
    "GiftTastes":
    {
        "Love": ["Gus"],
        "Like": ["Abigail", "Harvey", "Alex", "Caroline", "Clint", "Demetrius", "Dwarf", "Elliott", "Emily", "Evelyn", "George", "Haley", "Jas", "Jodi", "Kent", "Krobus", "Leah", "Lewis", "Linus", "Marnie", "Maru", "Penny", "Pierre", "Robin", "Sam", "Sandy", "Sebastian", "Shane", "Vincent", "Willy", "Wizard"],
        "Dislike": ["Pam"],
    },
    "Recipe":
    {
        "ResultCount": 1,
        "Ingredients": [
        {
            "Object": -5,
            "Count": 1,
        },
        {
            "Object": -6,
            "Count": 1,
        },
        {
            "Object": "Buckwheat Flour",
            "Count": 1,
        },
        {
            "Object": 246,
            "Count": 1,
        },
        {
            "Object": "Basil",
            "Count": 1,
        }],
        "CanPurchase": true,
        "PurchaseFrom": "Gus",
        "PurchasePrice": 2100,
        "PurchaseRequirements": ["y 2", ],
    },
    "NameLocalization":
    {
        // "es": "",
        "ko": "피조켈",
        "de": "Pizokel",
        "fr": "Pizokels",
        "hu": "Pizokel",
        // "it": "",
        "ja": "ピツォケル",
        // "pt": "",
        // "ru": "",
        // "tr": "",
         "zh": "皮藻蔻",
    },
    "DescriptionLocalization":
    {
        // "es": "",
        "ko": "스파츨을 연상시키는 메밀 파스타",
        "de": "Pasta hergestellt aus Buchweizenmehl",
        "fr": "Des pâtes de sarrasin qui rappellent les spätzle.",
        "hu": "A nokedlire emlékeztető, hajdinából készült tészta.",
        // "it": "",
        "ja": "シュペッツレをほうふつとさせるソバ粉のパスタ。",
        // "pt": "",
        // "ru": "",
        // "tr": "",
         "zh": "瑞士格劳宾登州特产的一种荞麦面食，让人想起Spatzle(德国面疙瘩)。",
    },
}
