{
    "Name": "Soynut Butter",
    "Description": "A butter made of soybeans for lactose intolerant individuals.",
    "Category": "ArtisanGoods",
    "Edibility": 14,
    "Price": 175,
    "IsColored": false,
    "Recipe": null,
    "GiftTastes":
    {
        "Like": ["Alex", "Caroline", "Clint", "Demetrius", "Dwarf", "Elliott", "Emily", "Evelyn", "George", "Gus", "Harvey", "Jodi", "Kent", "Krobus", "Leah", "Lewis", "Linus", "Marnie", "Maru", "Pam", "Penny", "Pierre", "Robin", "Sam", "Sandy", "Sebastian", "Shane", "Willy", "Wizard"],
        "Dislike": ["Abigail", "Haley", "Jas", "Vincent"],
    },
    "NameLocalization":
    {
        "es": "Mantequilla de soja",
        "ko": "소이넛 버터",
        "de": "Soja-Butter",
        "fr": "Beurre de soya",
        "hu": "Szójavaj",
         // "it": "",
        "ja": "大豆バター",
        "pt": "Manteiga de Soja",
        "ru": "Соевое масло",
         // "tr": "",
        "zh": "黄豆黄油",
    },
    "DescriptionLocalization":
    {
        "es": "Una de las mantequillas más caras, es hecha de soja especialmente para personas con intolerancia a la lactosa.",
        "ko": "유당 불내증을 겪는 사람들은 위한 콩으로 만든 버터.",
        "de": "Eine Butter aus Sojabohnen, für laktoseintolerante Personen.",
        "fr": "Un beurre fabriqué avec du soya pour les personnes intolérantes au lactose.",
        "hu": "Egy szójából készített vaj azok számára, akik laktózérzékenyek.",
         // "it": "",
        "ja": "乳糖不耐な人向けの大豆製バター。",
        "pt": "Uma manteiga feita de grãos de soja para pessoas intolerantes à lactose.",        
        "ru": "Масло из соевых бобов для людей, не переносящих лактозу.",
         // "tr": "",
        "zh": "一种由大豆制成的黄油。",
    }
}
