{
    "Name": "Pumpkin Spice Scone",
    "Description": "All the flavors of autumn are packed into each bite.",
    "Category": "Cooking",
    "Edibility": 36,
    "EdibleIsDrink": false,
    "EdibleBuffs": null,
    "Price": 220,
    "IsColored": false,
    "Recipe":
    {
        "ResultCount": 1,
        "Ingredients": [
        {
            "Object": 276,
            "Count": 1,
        },
        {
            "Object": 245,
            "Count": 1,
        },
        {
            "Object": 246,
            "Count": 1,
        },
        {
            "Object": -6,
            "Count": 1,
        },
        {
            "Object": "Cinnamon Sticks",
            "Count": 1,
        },
        {
            "Object": "Nutmeg",
            "Count": 1,
        }],
        "CanPurchase": true,
        "PurchaseFrom": "Gus",
        "PurchasePrice": 600,
            },
    "NameLocalization":
    {
        "es": "Bollo de calabaza",
        "ko": "펌킨 스파이스 스콘",
        "de": "Kürbis-Gewürz-Scone",
        "fr": "Scone à la citrouille et aux épices",
        "hu": "Sütőtök muffin",
         // "it": "",
        "ja": "パンプキンスパイススコーン",
        "pt": "Bolinho de Abóbora",
        "ru": "Тыквенный сладкий скон",
         // "tr": "",
        "zh": "南瓜香味烤饼",
    },
    "DescriptionLocalization":
    {
        "es": "Todos los sabores del otoño están embalados en cada bocado.",
        "ko": "가을의 모든 맛이 한 입에 담겨있습니다.",
        "de": "Alle Aromen des Herbstes sind in jeden Bissen gepackt.",
        "fr": "Toutes les saveurs de l'automne sont concentrées dans chaque bouchée.",
        "hu": "Az ősz összes íze benne van egy harapásban.",
         // "it": "",
        "ja": "すべての秋の味覚はこの一口に詰め込まれている。",
        "pt": "Todos os sabores do outono estão embalados em cada mordida.",          
        "ru": "Все вкусы осени ощущаются в каждом кусочке.",
         // "tr": "",
        "zh": "每口都装满了秋天的所有风味。",
    }
}
