{
    "Name": "Natto Starter",
    "Description": "A starter culture used to encourage natto production.",
    "Category": "ArtisanGoods",
    "Edibility": -300,
    "Price": 50,
    "IsColored": false,
    "Recipe": null,
    "CanPurchase": true,
    "PurchaseFrom": "Gus",
    "PurchasePrice": 50,
        "GiftTastes":
    {
        "Dislike": ["Abigail", "Alex", "Caroline", "Clint", "Demetrius", "Dwarf", "Elliott", "Emily", "Evelyn", "George", "Gus", "Haley", "Harvey", "Jas", "Jodi", "Kent", "Krobus", "Leah", "Lewis", "Linus", "Marnie", "Maru", "Pam", "Penny", "Pierre", "Robin", "Sam", "Sandy", "Sebastian", "Shane", "Vincent", "Willy", "Wizard"],
    },
    "NameLocalization":
    {
        "es": "Base de natto",
        "ko": "낫토 스타터",
        "de": "Nattō-Starter",
        "fr": "Levure de nattō",
        "hu": "Nattó alap",
         // "it": "",
        "ja": "納豆スターター",
        "pt": "Base de Nattô",
        "ru": "Основа для натто",
         // "tr": "",
        "zh": "纳豆发酵液",
    },
    "DescriptionLocalization":
    {
        "es": "Es utilizada para preparar comidas.",
        "ko": "낫토 발효를 시작하기 위해 사용하는 종균.",
        "de": "Eine Startkultur, um die Natto-Produktion zu fördern.",
        "fr": "Une levure utilisée pour permettre la fermentation du nattō.",
        "hu": "Egy alap kultúra, mely a nattó termelést ösztönzi.",
         // "it": "",
        "ja": "納豆の熟成を促進させるために使われる菌のタネ。",
        "pt": "É usada na preparação de comidas.",
        "ru": "Основа, используемая для создания натто-продуктов.",
         // "tr": "",
        "zh": "一种促进纳豆发酵的液体。",
    }
}
