{
    "Name": "Dragon Fruit Fruit Sorbet",
    "Description": "A refreshing fruit sorbet made from dragon fruit, bananas, and oranges.",
    "Category": "ArtisanGoods",
    "Edibility": 60,
    "EdibleIsDrink": false,
    "Price": 500,
    "IsColored": false,
    "Recipe": null,
    "GiftTastes":
    {
        "Love": ["Pam", "Sam", "Jas", "Vincent"],
        "Like": ["Elliott", "Haley", "Harvey", "Jodi", "Kent", "Leah", "Lewis", "Linus", "Robin", "Sandy", "Shane"],
        "Neutral": ["Alex", "Caroline", "Clint", "Demetrius", "Dwarf", "Emily", "Evelyn", "George", "Gus", "Krobus", "Marnie", "Maru", "Penny", "Pierre", "Sebastian", "Willy", "Wizard"],
        "Dislike": ["Abigail"],
    },
    "NameLocalization":
    {
        // "es": "",
        "ko": "용과 과일 셔벗",
        // "de": "",
        "fr": "Sorbet de fruit du dragon",
       "hu": "Sárkánygyümölcs sörbet",
        // "it": "",
        "ja": "ドラゴンフルーツシャーベット",
        // "pt": "",
        // "ru": "",
        // "tr": "",
         "zh": "火龙果果汁雪葩",
    },
    "DescriptionLocalization":
    {
        // "es": "",
        "ko": "용과, 바나나, 오렌지로 만든 상큼한 과일 셔벗.",
        // "de": "",
        "fr": "Un sorbet rafraîchissant fait à partir de fruit du dragon, de bananes et d'oranges.",
        "hu": "Egy frissítő gyümölcs sörbet sárkánygyümölcsből, banánból, és narancsból.",
        // "it": "",
        "ja": "ドラゴンフルーツ、バナナ、オレンジを使った、さわやかなフルーツシャーベット。",
        // "pt": "",
        // "ru": "",
        // "tr": "",
         "zh": "由火龙果、香蕉和橙子制成的清爽水果雪葩。",
    }
}
