{
    "Name": "Salted Caramel Mocha",
    "Description": "The salty and sweet flavors blend together wonderfully.",
    "Category": "ArtisanGoods",
    "Edibility": 30,
    "EdibleIsDrink": true,
    "EdibleBuffs":
    {
        "Farming": 0,
        "Fishing": 0,
        "Mining": 0,
        "Luck": 0,
        "Foraging": 0,
        "MaxStamina": 0,
        "MagnetRadius": 0,
        "Speed": 1,
        "Defense": 0,
        "Attack": 0,
        "Duration": 180,
    },
    "Price": 500,
    "IsColored": false,
    "Recipe": null,
    "NameLocalization":
    {
        "es": "Café de caramelo salado",
        "ko": "솔티드 캐러멜 모카",
        "de": "Gesalzener Karamell-Mokka",
        "fr": "Mocha au caramel salé",
        "hu": "Sós karamell kávé ",
         // "it": "",
        "ja": "塩キャラメルモカ",
        "pt": "Mocha de Caramelo Salgado",
        "ru": "Солёное карамельное мокко",
         // "tr": "",
        "zh": "咸焦糖摩卡",
    },
    "DescriptionLocalization":
    {
        "es": "Los sabores salados y dulces se mezclan maravillosamente.",
        "ko": "단짠단짠의 완벽한 조합.",
        "de": "Die salzigen und süßen Aromen vermischen sich wunderbar.",
        "fr": "Les goûts sucré et salé se marrient superbement.",
        "hu": "A sós és az édes ízek tökéletesen mennek együtt.",
         // "it": "",
        "ja": "塩味と甘味が見事に調和している。",
        "pt": "Os sabores salgados e doces se juntam maravilhosamente.",        
        "ru": "Солёные и сладкие вкусы, прекрасно смешанные друг с другом.",
         // "tr": "",
        "zh": "咸和甜的味道完美地融合在一起。",
    }
}
