{
    "Name": "Avocado Mayonnaise",
    "Description": "It's an avocado, thanks!",
    "Category": "ArtisanGoods",
    "Edibility": -300,
    "Price": 340,
    "IsColored": false,
    "Recipe": null,
    "GiftTastes":
    {
        "Love": ["Abigail", "Alex", "Emily", "Leah", "Sam"],
        "Like": ["Caroline", "Clint", "Demetrius", "Dwarf", "Elliott", "Evelyn", "George", "Gus", "Haley", "Harvey", "Jas", "Jodi", "Kent", "Krobus", "Lewis", "Linus", "Marnie", "Maru", "Pam", "Penny", "Pierre", "Robin", "Sandy", "Sebastian", "Shane", "Vincent", "Willy", "Wizard"],
    },
    "NameLocalization":
    {
        "es": "Mayonesa de aguacate",
        "ko": "아보카도 마요네즈",
        "de": "Avocado-Mayonnaise",
        "fr": "Mayonnaise d'avocat",
        "hu": "Avokádó majonéz",
         // "it": "",
        "ja": "アボカドマヨネーズ",
        "pt": "Maionese de Abacate",
        "ru": "Майонез из авокадо",
         // "tr": "",
        "zh": "牛油果蛋黄酱",
    },
    "DescriptionLocalization":
    {
        "es": "¡Es un aguacate, gracias!",
        "ko": "아보카도군요, 고마워요!",
        "de": "Es ist eine Avocado, danke!",
        "fr": "C'est un avocat, merci !",
        "hu": "Ez egy avokádó, köszönöm!",
         // "it": "",
        "ja": "「It's an avocado, thanks!」",
        "pt": "É um abacate, muito obrigado!",
        "ru": "Это авокадо, спасибо!",
         // "tr": "",
        "zh": "它用整个牛油果制成！",
    }
}
