{
    "Name": "Buckwheat Noodles",
    "Description": "A bag of coarse, earthy-flavored noodles.",
    "Category": "ArtisanGoods",
    "Edibility": 10,
    "Price": 275,
    "IsColored": false,
    "Recipe": null,
    "GiftTastes":
    {
        "Neutral": ["Abigail", "Alex", "Caroline", "Clint", "Demetrius", "Dwarf", "Elliott", "Emily", "Evelyn", "George", "Gus", "Haley", "Harvey", "Jodi", "Kent", "Leah", "Lewis", "Linus", "Marnie", "Maru", "Pam", "Penny", "Pierre", "Robin", "Sam", "Sandy", "Sebastian", "Shane", "Wizard"],
        "Dislike": ["Jas", "Krobus", "Vincent", "Willy"],
    },
    "NameLocalization":
    {
        "es": "Fideos de alforfón",
        "ko": "메밀국수",
        "de": "Buchweizennudeln",
        "fr": "Nouilles de sarrasin",
        "hu": "Hajdina tészta",
         // "it": "",
        "ja": "そば麺",
        "pt": "Macarrão Sobá",
        "ru": "Гречневая лапша",
         // "tr": "",
        "zh": "荞麦面",
    },
    "DescriptionLocalization":
    {
        "es": "Una bolsa de fideos gruesos, con sabor a tierra.",
        "ko": "소박한 맛의 국수 한 봉지.",
        "de": "Eine Tüte mit groben, erdigen Nudeln.",
        "fr": "Un sac de nouilles grossières, à saveur terreuse.",
        "hu": "Egy zacskó durva, 'földes' ízű tészta.",
         // "it": "",
        "ja": "粗めに切られた素朴な風味の麺",
        "pt": "Uma bolsa de trigo grosso, com sabor terroso.",
        "ru": "Мешок с грубой лапшой, имеющей земляной привкус.",
         // "tr": "",
        "zh": "一袋粗的荞麦面条。",
    }
}
