{
    "Name": "Smoked Salmon",
    "Description": "A simple dish of smoked salmon. It was smoking for hours.",
    "Category": "Cooking",
    "Edibility": 20,
    "EdibleIsDrink": false,
    "EdibleBuffs": null,
    "Price": 150,
    "IsColored": false,
    "Recipe": null,
    "GiftTastes":
    {
        "Dislike": ["Abigail", "Alex", "Caroline", "Clint", "Dwarf", "Emily", "George", "Gus", "Harvey", "Jas", "Jodi", "Kent", "Krobus", "Leah", "Lewis", "Marnie", "Maru", "Penny", "Robin", "Sam", "Sandy", "Shane", "Vincent", "Wizard"],
        "Hate": ["Evelyn", "Haley", "Pierre"],
    },
    "NameLocalization":
    {
        // "es": "",
        // "ko": "",
        // "de": "",
        "fr": "Saumon fumé",
        // "hu": "",
        // "it": "",
        "ja": "スモークサーモン",
        // "pt": "",
        // "ru": "",
        // "tr": "",
        // "zh": "",
    },
    "DescriptionLocalization":
    {
        // "es": "",
        // "ko": "",
        // "de": "",
        "fr": "Un plat simple de saumon fumé. Il a été fumé pendant des heures.",
        // "hu": "",
        // "it": "",
        "ja": "サーモンを数時間スモークしてつくったシンプルな料理。",
        // "pt": "",
        // "ru": "",
        // "tr": "",
        // "zh": "",
    }
}