{
    "Name": "Schnapps",
    "Description": "Drink in moderation.",
    "Category": "ArtisanGoods",
    "Edibility": 36,
    "EdibleIsDrink": true,
    "EdibleBuffs":
    {
        "Farming": 0,
        "Fishing": 0,
        "Mining": 0,
        "Luck": 0,
        "Foraging": 0,
        "MaxStamina": 0,
        "MagnetRadius": 0,
        "Speed": -2,
        "Defense": 0,
        "Attack": 0,
        "Duration": 180,
    },
    "Price": 300,
    "IsColored": true,
    "Recipe": null,
    "GiftTastes":
    {
        "Love": ["Pam", "Shane"],
        "Like": ["Gus"],
        "Neutral": ["Marnie", "Clint", "George", "Sebastian", "Abigail", "Alex", "Caroline", "Demetrius", "Dwarf", "Elliott", "Emily", "Evelyn", "Haley", "Harvey", "Jodi", "Kent", "Krobus", "Leah", "Lewis", "Linus", "Maru", "Pierre", "Robin", "Sam", "Sandy", "Willy", "Wizard"],
        "Dislike": ["Penny"],
        "Hate": ["Vincent", "Jas"]
    },
    "NameLocalization":
    {
        "es": "Aguardiente",
        "ko": "슈냅스",
        "de": "Schnaps",
        "fr": "Schnaps",
        "hu": "Snapsz",
         // "it": "",
        "ja": "シュナップス",
        "pt": "Aguardente",
        "ru": "Шнапс",
         // "tr": "",
        "zh": "烈性干酒",
    },
    "DescriptionLocalization":
    {
        "es": "Beber con moderación.",
        "ko": "절제해서 드세요.",
        "de": "Trinken Sie in Maßen.",
        "fr": "À boire avec modération.",
        "hu": "Fogyasszad mértékkel.",
         // "it": "",
        "ja": "飲む時は適量を守ってほどほどに。",
        "pt": "Beba com moderação!",
        "ru": "Пейте в меру.",
         // "tr": "",
        "zh": "适量饮酒。",
    }
}
