{
    "Name": "Hazelnut Ice Cream",
    "Description": "A nutty delicacy.",
    "Category": "ArtisanGoods",
    "Edibility": 38,
    "Price": 245,
    "IsColored": false,
    "Recipe": null,
    "GiftTastes":
    {
        "Love": ["Haley", "Demetrius"],
        "Like": ["Evelyn", "Caroline", "Jodi", "Linus", "Penny", "Sandy", "Clint", "George", "Abigail", "Alex", "Dwarf", "Elliott", "Gus", "Harvey", "Kent", "Lewis", "Maru", "Pam", "Pierre", "Robin", "Sam", "Shane", "Wizard", "Marnie", "Vincent", "Jas"],
        "Dislike": ["Emily", "Leah", "Krobus", "Sebastian", "Willy"]
    },
    "NameLocalization":
    {
        // "es": "",
        "ko": "헤이즐넛 아이스크림",
        "de": "Haselnuss-Eis",
        "fr": "Crème glacée à la noisette",
        "hu": "Mogyorófagyi",
        // "it": "",
        "ja": "ヘーゼルナッツアイスクリーム",
        // "pt": "",
        // "ru": "",
        // "tr": "",
         "zh": "榛子冰淇淋",
    },
    "DescriptionLocalization":
    {
        // "es": "",
        "ko": "견과류의 고소함이 가득!",
        "de": "Eine nussige Delikatesse.",
        "fr": "Une délicatesse noisettée.",
        "hu": "Egy mogyorós finomság.",
        // "it": "",
        "ja": "ナッツの風味でおいしい。",
        // "pt": "",
        // "ru": "",
        // "tr": "",
         "zh": "榛子风味的坚果冰淇淋。",
    }
}
