{
    "Name": "Olive Oil",
    "Description": "A light vegetable oil often used for salads.",
    "Category": "ArtisanGoods",
    "Edibility": -300,
    "Price": 175,
    "IsColored": false,
    "Recipe": null,
    "GiftTastes":
    {
        "Neutral": ["Leah"],
        "Dislike": ["Abigail", "Alex", "Caroline", "Clint", "Demetrius", "Dwarf", "Elliott", "Emily", "George", "Gus", "Evelyn", "Jodi", "Kent", "Lewis", "Marnie", "Maru", "Penny", "Pierre", "Robin", "Sam", "Sandy", "Sebastian", "Shane", "Wizard", "Haley", "Harvey", "Linus"],
        "Hate": ["Jas", "Vincent", "Pam", "Krobus", "Willy"],
    },
    "NameLocalization":
    {
        "es": "Aceite de oliva",
        "ko": "올리브유",
        "de": "Olivenöl",
        "fr": "Huile d'olive",
        "hu": "Olívaolaj",
         // "it": "",
        "ja": "オリーブオイル",
        "pt": "Azeite de Oliva",        
        "ru": "Оливковое масло",
         // "tr": "",
        "zh": "橄榄油",
    },
    "DescriptionLocalization":
    {
        "es": "Un aceite vegetal ligero, usualmente utilizado en ensaladas.",
        "ko": "샐러드에 자주 사용되는 식물성 기름.",
        "de": "Ein leichtes Pflanzenöl, das oft für Salate verwendet wird.",
        "fr": "Une huile végétale légère souvent utilisée pour les salades.",
        "hu": "Egy könnyed növényi olaj, melyet gyakran salátákhoz használnak.",
         // "it": "",
        "ja": "サラダによく使われるライトな植物油。",
        "pt": "Um azeite vegetal leve geralmente usado em saladas.",        
        "ru": "Легкое растительное масло, часто используемое для салатов",
         // "tr": "",
        "zh": "一种常用于沙拉的植物油。",
    }
}
