{
    "Name": "Corn Flour",
    "Description": "A cooking ingredient made from milled corn.",
    "Category": "ArtisanGoods",
    "Edibility": 6,
    "Price": 150,
    "IsColored": false,
    "Recipe": null,
    "GiftTastes":
    {
        "Dislike": ["Abigail", "Alex", "Caroline", "Clint", "Demetrius", "Dwarf", "Elliott", "Emily", "Evelyn", "George", "Gus", "Haley", "Harvey", "Jas", "Jodi", "Kent", "Krobus", "Leah", "Lewis", "Linus", "Marnie", "Maru", "Pam", "Penny", "Pierre", "Robin", "Sam", "Sandy", "Sebastian", "Shane", "Vincent", "Willy", "Wizard"],
    },
    "NameLocalization":
    {
        "es": "Harina de maíz",
        "ko": "옥수수 가루",
        "de": "Maismehl",
        "fr": "Farine de maïs",
        "hu": "Kukoricaliszt",
         // "it": "",
        "ja": "コーンスターチ",
        "pt": "Farinha de Milho",
        "ru": "Кукурузная мука",
         // "tr": "",
        "zh": "玉米粉",
    },
    "DescriptionLocalization":
    {
        "es": "Un ingrediente hecho de maíz molido que se usa para cocinar.",
        "ko": "제분한 옥수수로 만든 요리 재료.",
        "de": "Ein Kochzutat aus gemahlenem Mais.",
        "fr": "Un ingrédient culinaire fait à partir de maïs moulu.",
        "hu": "Egy darált kukoricából készült liszt.",
         // "it": "",
        "ja": "トウモロコシを製粉した料理材料。",
        "pt": "Um ingrediente feito de milho moído usado para cozinhar.",
        "ru": "Кулинарный ингредиент, изготовленный из измельчённой кукурузы.",
         // "tr": "",
        "zh": "一种由磨碎的玉米制成的烹饪原料。",
    }
}
