{
    "Name": "Perry",
    "Description": "A fermented beverage made from pears. Drink in moderation.",
    "Category": "ArtisanGoods",
    "Edibility": 20,
    "EdibleIsDrink": true,
    "EdibleBuffs":
    {
        "Farming": 0,
        "Fishing": 0,
        "Mining": 0,
        "Luck": 0,
        "Foraging": 0,
        "MaxStamina": 0,
        "MagnetRadius": 0,
        "Speed": -2,
        "Defense": 0,
        "Attack": 0,
        "Duration": 180,
    },
    "Price": 200,
    "IsColored": false,
    "Recipe": null,
    "GiftTastes":
    {
        "Love": ["Pam", "Shane"],
        "Like": ["Gus"],
        "Neutral": ["Marnie", "Clint", "George", "Sebastian", "Abigail", "Alex", "Caroline", "Demetrius", "Dwarf", "Elliott", "Emily", "Evelyn", "Haley", "Harvey", "Jodi", "Kent", "Krobus", "Leah", "Lewis", "Linus", "Maru", "Pierre", "Robin", "Sam", "Sandy", "Willy", "Wizard"],
        "Dislike": ["Penny"],
        "Hate": ["Vincent", "Jas"]
    },
    "NameLocalization":
    {
        "es": "Sidra de pera",
        "ko": "페리",
        "de": "Perry",
        "fr": "Poiré",
        "hu": "Körtebor",
         // "it": "",
        "ja": "ペリー",
        "pt": "Cidra de Pêra",
        "ru": "Грушевый сидр",
         // "tr": "",
        "zh": "梨酒",
    },
    "DescriptionLocalization":
    {
        "es": "Una bebida fermentada a base de peras. Beber con moderación.",
        "ko": "서양배로 만든 발효 음료. 절제해서 드세요.",
        "de": "Ein fermentiertes Getränk aus Birnen. Genieß es in Maßen.",
        "fr": "Une boisson fermentée faite à partir de poires. À boire avec modération.",
        "hu": "Egy erjesztett ital körtéből. Fogyasszad mértékkel!",
         // "it": "",
        "ja": "ナシから作られた発酵飲料。適度に飲んでください。",
        "pt": "Uma bebida fermentada a partir de pêras. Beba com moderação.",        
        "ru": "Напиток из сбродивших груш. Пейте в меру.",
         // "tr": "",
        "zh": "由梨制成的发酵饮料。适量饮酒。",
    }
}
