{
    "Name": "Sesame Oil",
    "Description": "An oil pressed from sesame seeds.",
    "Category": "ArtisanGoods",
    "Edibility": -300,
    "Price": 200,
    "IsColored": false,
    "Recipe": null,
    "GiftTastes":
    {
        "Neutral": ["Abigail", "Alex", "Caroline", "Clint", "Demetrius", "Dwarf", "Elliott", "Emily", "Evelyn", "George", "Gus", "Haley", "Harvey", "Jas", "Jodi", "Kent", "Krobus", "Leah", "Lewis", "Linus", "Marnie", "Maru", "Pam", "Penny", "Pierre", "Robin", "Sam", "Sandy", "Sebastian", "Shane", "Vincent", "Willy", "Wizard"],
    },
    "NameLocalization":
    {
        "es": "Aceite de ajonjolí",
        "ko": "참기름",
        "de": "Sesamöl",
        "fr": "Huile de sésame",
        "hu": "Szezámolaj",
         // "it": "",
        "ja": "ゴマ油",
        "pt": "Óleo de Gergelim",
        "ru": "Кунжутное масло",
         // "tr": "",
        "zh": "芝麻油",
    },
    "DescriptionLocalization":
    {
        "es": "Aceite hecho con semillas de ajonjolí.",
        "ko": "참깨를 압착해서 만든 기름.",
        "de": "Ein Öl aus Sesamsamen.",
        "fr": "Une huile pressée à partir de graines de sésame.",
        "hu": "Egy olaj, melyet a szezámmag préselésével nyertek.",
         // "it": "",
        "ja": "ゴマから搾った油。",
        "pt": "Um óleo feito com sementes de gergelim.",
        "ru": "Масло, выжатое из семян кунжута.",
         // "tr": "",
        "zh": "一种用芝麻籽压榨的油。",
    }
}
