{
    "Name": "Mint Chip Ice Cream",
    "Description": "Complete with bits of handmade chocolate.",
    "Category": "ArtisanGoods",
    "Edibility": 52,
    "Price": 200,
    "IsColored": false,
    "Recipe": null,
    "GiftTastes":
    {
        "Love": ["Vincent", "Jas", "Haley", "Demetrius"],
        "Like": ["Evelyn", "Caroline", "Jodi", "Linus", "Penny", "Sandy", "Clint", "George", "Abigail", "Alex", "Dwarf", "Elliott", "Gus", "Harvey", "Kent", "Lewis", "Maru", "Pam", "Pierre", "Robin", "Sam", "Sebastian", "Shane", "Wizard", "Marnie"],
        "Dislike": ["Emily", "Leah", "Krobus", "Willy"]
    },
    "NameLocalization":
    {
        "es": "Helado con chispas de menta",
        "ko": "민트칩 아이스크림",
        "de": "Minz-Schokostück-Eiscreme",
        "fr": "Crème glacée à la menthe",
        "hu": "Mentás-csokis fagyi",
         // "it": "",
        "ja": "ミントチップアイスクリーム",
        "pt": "Sorevete Granulado de Menta",
        "ru": "Мятное мороженое с крошкой",
         // "tr": "",
        "zh": "薄荷冰淇淋",
    },
    "DescriptionLocalization":
    {
        "es": "Tiene trocitos de chocolate hecho a mano.",
        "ko": "조그마한 수제 초콜릿 칩으로 완성됩니다.",
        "de": "Komplett mit Stücken von handgemachter Schokolade.",
        "fr": "Complète avec des morceaux de chocolat fait maison.",
        "hu": "Apró házi csokidarabkákat tartalmaz.",
         // "it": "",
        "ja": "手作りチョコレートを少し加えましょう。",
        "pt": "Completado com pedaços de chocolate caseiro!",
        "ru": "Мороженое с кусочками домашнего шоколада.",
         // "tr": "",
        "zh": "配上少量的手工巧克力。",
    }
}
