{
    "Name": "Kimchi",
    "Description": "Most commonly made from cabbage mixed with spicy seasonings.",
    "Category": "ArtisanGoods",
    "Edibility": -300,
    "Price": 250,
    "IsColored": false,
    "Recipe": null,
    "CanPurchase": true,
    "PurchaseFrom": "Gus",
    "PurchasePrice": 250,
        "GiftTastes":
    {
        "Dislike": ["Abigail", "Alex", "Caroline", "Clint", "Demetrius", "Dwarf", "Elliott", "Emily", "Evelyn", "George", "Gus", "Haley", "Harvey", "Jas", "Jodi", "Kent", "Krobus", "Leah", "Lewis", "Linus", "Marnie", "Maru", "Pam", "Penny", "Pierre", "Robin", "Sam", "Sandy", "Sebastian", "Shane", "Vincent", "Willy", "Wizard"],
    },
    "NameLocalization":
    {
        "es": "Kimchi",
        "ko": "김치",
        "de": "Kimchi",
        "fr": "Kimchi",
        "hu": "Kimcsi",
         // "it": "",
        "ja": "キムチ",
        "pt": "Kimchi",
        "ru": "Кимчи",
         // "tr": "",
        "zh": "韩国泡菜",
    },
    "DescriptionLocalization":
    {
        "es": "Comúnmente hecho de repollo y mezclado con condimentos picantes.",
        "ko": "매운 양념과 배추로 만들었습니다.",
        "de": "Am häufigsten aus Kohl, gemischt mit scharfen Gewürzen.",
        "fr": "Fait le plus souvent de chou mélangé à des épices saisonnières.",
        "hu": "Általában káposztából, és pikáns fűszerekből készül.",
         // "it": "",
        "ja": "キャベツに香辛料を混ぜたものが一般的な作り方。",
        "pt": "Geralmente feito de repolho misturado com condimentos picantes.",        
        "ru": "Чаще всего готовят из капусты, смешанной с пряными приправами.",
         // "tr": "",
        "zh": "通常用卷心菜和辣味调料混合而成。",
    }
}
