{
    "Name": "Strawberry Ice Cream",
    "Description": "Mmmm strawberry ice cream!",
    "Category": "ArtisanGoods",
    "Edibility": 38,
    "Price": 250,
    "IsColored": false,
    "Recipe": null,
    "GiftTastes":
    {
        "Love": ["Vincent", "Jas", "Haley", "Demetrius"],
        "Like": ["Evelyn", "Caroline", "Jodi", "Linus", "Penny", "Sandy", "Clint", "George", "Abigail", "Alex", "Dwarf", "Elliott", "Gus", "Harvey", "Kent", "Lewis", "Maru", "Pam", "Pierre", "Robin", "Sam", "Shane", "Wizard", "Marnie"],
        "Dislike": ["Emily", "Leah", "Krobus", "Sebastian", "Willy"]
    },
    "NameLocalization":
    {
        "es": "Helado de fresa",
        "ko": "딸기 아이스크림",
        "de": "Erdbeereis",
        "fr": "Crème glacée à la fraise",
        "hu": "Eperfagyi",
         // "it": "",
        "ja": "ストロベリーアイスクリーム",
        "pt": "Sorvete de Morango",        
        "ru": "Клубничное мороженое",
         // "tr": "",
        "zh": "草莓冰淇淋",
    },
    "DescriptionLocalization":
    {
        "es": "¡Mmmm helado de fresa!",
        "ko": "음 딸기 아이스크림이군요!",
        "de": "Mmmm Erdbeereis!",
        "fr": "Mmmh, crème glacée à la fraise!",
        "hu": "Mmmm eperfagyi!",
         // "it": "",
        "ja": "これは…イチゴのアイスクリーム！",
        "pt": "Huum sorvete de morango!",        
        "ru": "М-м-м, клубничное мороженое!",
         // "tr": "",
        "zh": "超好吃的草莓冰淇淋！",
    }
}
