{
    "Name": "Cauim",
    "Description": "A fermented beverage made from cassava. Drink in moderation.",
    "Category": "ArtisanGoods",
    "Edibility": 10,
    "EdibleIsDrink": true,
    "EdibleBuffs":
    {
        "Farming": 0,
        "Fishing": 0,
        "Mining": 0,
        "Luck": 0,
        "Foraging": 0,
        "MaxStamina": 0,
        "MagnetRadius": 0,
        "Speed": -2,
        "Defense": 0,
        "Attack": 0,
        "Duration": 180,
    },
    "Price": 300,
    "IsColored": false,
    "Recipe": null,
    "GiftTastes":
    {
        "Love": ["Pam", "Shane"],
        "Like": ["Gus"],
        "Neutral": ["Marnie", "Clint", "George", "Sebastian", "Abigail", "Alex", "Caroline", "Demetrius", "Dwarf", "Elliott", "Emily", "Evelyn", "Haley", "Harvey", "Jodi", "Kent", "Krobus", "Leah", "Lewis", "Linus", "Maru", "Pierre", "Robin", "Sam", "Sandy", "Willy", "Wizard"],
        "Dislike": ["Penny"],
        "Hate": ["Vincent", "Jas"]
    },
    "NameLocalization":
    {
        "es": "Cauim",
        "ko": "카우잉",
        "de": "Cauim",
        "fr": "Cauim",
        "hu": "Cauim",
         // "it": "",
        "ja": "カイム",
        "pt": "Cauim",
        "ru": "Каим",
         // "tr": "",
        "zh": "木薯啤酒",
    },
    "DescriptionLocalization":
    {
        "es": "Una bebida fermentada a base de yuca. Beber con moderación.",
        "ko": "카사바로 만든 발효 음료. 절제해서 드세요.",
        "de": "Ein fermentiertes Getränk aus Maniok. Genieß es in Maßen.",
        "fr": "Une boisson fermentée fait à partir de manioc. À boire avec modération.",
        "hu": "Egy erjesztett ital maniókából. Fogyasszad mértékkel!",
         // "it": "",
        "ja": "キャッサバが原料の発酵飲料。飲む時はほどほどに。",
        "pt": "Uma bebida fermentada a partir da mandioca. Beba com moderação.",
        "ru": "Напиток из сбродившей маниоки. Пейте в меру.",
         // "tr": "",
        "zh": "一种由木薯制成的发酵酒精饮料。适量饮酒。",
    }
}
