{
    "Name": "Matcha Ice Cream",
    "Description": "It tastes like tea.",
    "Category": "ArtisanGoods",
    "Edibility": 38,
    "Price": 325,
    "IsColored": false,
    "Recipe": null,
    "GiftTastes":
    {
        "Love": ["Demetrius"],
        "Like": ["Haley", "Evelyn", "Caroline", "Jodi", "Linus", "Penny", "Sandy", "Clint", "George", "Abigail", "Alex", "Dwarf", "Elliott", "Gus", "Harvey", "Kent", "Lewis", "Maru", "Pam", "Pierre", "Robin", "Sam", "Shane", "Wizard", "Marnie"],
        "Dislike": ["Emily", "Leah", "Krobus", "Sebastian", "Willy"],
        "Hate": ["Jas", "Vincent"]
    },
    "NameLocalization":
    {
        "es": "Helado de matcha",
        "ko": "말차 아이스크림",
        "de": "Matcha-Eis",
        "fr": "Crème glacée au matcha",
        "hu": "Maccsa fagyi",
         // "it": "",
        "ja": "抹茶アイスクリーム",
        "pt": "Sorvete de Matcha",
        "ru": "Маття-мороженое",
         // "tr": "",
        "zh": "抹茶冰淇淋",
    },
    "DescriptionLocalization":
    {
        "es": "Sabe a té.",
        "ko": "차 맛이에요.",
        "de": "Es schmeckt wie Tee.",
        "fr": "Ça a le goût du thé.",
        "hu": "Tea ízű.",
         // "it": "",
        "ja": "お茶の味がする。",
        "pt": "Com sabor de chá.",
        "ru": "На вкус как чай.",
         // "tr": "",
        "zh": "它尝起来是茶味的。",
    }
}
