{
  "Name": "Frangelico",
  "Description": "A spirit brewed from hazelnuts, named after the famous friar.",
  "Category": "ArtisanGoods",
  "Edibility": 6,
    "EdibleIsDrink": true,
    "EdibleBuffs":
    {
        "Farming": 0,
        "Fishing": 0,
        "Mining": 0,
        "Luck": 0,
        "Foraging": 0,
        "MaxStamina": 0,
        "MagnetRadius": 0,
        "Speed": -2,
        "Defense": 0,
        "Attack": 0,
        "Duration": 180,
    },
  "Price": 265,
  "IsColored": false,
  "Recipe": null,
  "CanPurchase": true,
  "PurchaseFrom": "Gus",
  "PurchasePrice": 265,
      "GiftTastes":
    {
        "Love": ["Pam", "Shane", "Gus", "Leah"],
        "Like": ["Caroline", "Jodi", "Lewis", "Pierre", "Robin"],
        "Neutral": ["Marnie", "Clint", "George", "Sebastian", "Abigail", "Alex", "Demetrius", "Dwarf", "Elliott", "Emily", "Evelyn", "Harvey", "Kent", "Krobus", "Linus", "Maru", "Sam", "Sandy", "Willy", "Wizard"],
        "Dislike": ["Haley", "Penny"],
        "Hate": ["Vincent", "Jas"]
  },

    "NameLocalization":
    {
        "es": "Frangelico",
        "ko": "프란젤리코",
        //"de": "",
        "fr": "Frangelico",
        "hu": "Frangelico",
        // "it": "",
        "ja": "フランジェリコ",
        // "pt": "",
        // "ru": "",
        // "tr": "",
        "zh": "榛果俪利口酒",
    },
    "DescriptionLocalization":
    {
        "es": "Una bebida espíritual elaborada con avellanas, llamada así por el famoso fraile",
        "ko": "헤이즐넛에서 추출된 증류주, 유명한 수도사의 이름을 따서 만들었습니다.",
        //"de": "",
        "fr": "Un spiritueux brassé à partir de noisettes, nommé d'après le célèbre moine.",
        "hu": "Egy mogyoróból készített szeszesital, a híres szerzetesről elnevezve.",
        // "it": "",
        "ja": "高名な画家である修道士の名前にちなんだ、ヘーゼルナッツを醸造したスピリッツ。",
        // "pt": "",
        // "ru": "",
        // "tr": "",
        "zh": "一种用榛子酿造的烈酒，以著名修士Fra Angelico的名字命名，相传是他发明了此独一无二的利口酒配方。",
    }

}
