{
    "Name": "Peppermint Mocha",
    "Description": "I can too make it! In your face, Haley!",
    "Category": "ArtisanGoods",
    "Edibility": 30,
    "EdibleIsDrink": true,
    "EdibleBuffs":
    {
        "Farming": 0,
        "Fishing": 0,
        "Mining": 0,
        "Luck": 0,
        "Foraging": 0,
        "MaxStamina": 0,
        "MagnetRadius": 0,
        "Speed": 1,
        "Defense": 0,
        "Attack": 0,
        "Duration": 180,
    },
    "Price": 777,
    "IsColored": false,
    "Recipe": null,
    "NameLocalization":
    {
        "es": "Mocha de menta",
        "ko": "페퍼민트 모카",
        "de": "Pfefferminz-Mokka",
        "fr": "Mocha à la menthe",
        "hu": "Borsmenta mokka",
         // "it": "",
        "ja": "ペッパーミントモカ",
        "pt": "Mocha de Menta",        
        "ru": "Мятное мокко",
         // "tr": "",
        "zh": "薄荷摩卡",
    },
    "DescriptionLocalization":
    {
        "es": "¡Yo también puedo hacerlo! ¡En tu cara, Haley!",
        "ko": "나도 만들 수 있다고! 이거나 먹어라, 헤일리!",
        "de": "Ich kann es auch herstellen! Schau dir das an, Haley!",
        "fr": "Moi aussi j'peux l'faire ! Dans ta face, Haley!",
        "hu": "Én is el tudom készíteni! Ezt kapd ki, Haley!",
         // "it": "",
        "ja": "やったぜ！してやったりだヘイリー！",
        "pt": "Eu também posso fazê-lo! Na sua cara, Haley!",
        "ru": "Я тоже так могу! Выкуси, Хэйли!",
         // "tr": "",
        "zh": "我当着你的面做出它了！海莉！",
    }
}
