{
    "Name": "Lucky Purple Mayonnaise",
    "Description": "I hope you used an item spawner.",
    "Category": "ArtisanGoods",
    "Edibility": -300,
    "EdibleIsDrink": false,
    "Price": 285,
    "IsColored": false,
    "Recipe": null,
    "GiftTastes":
    {
        "Neutral": ["Demetrius", "Elliott", "Harvey", "Jas", "Jodi", "Kent", "Pam", "Robin", "Sandy", "Shane", "Vincent", "Haley", "Linus", "Alex", "Caroline", "Clint", "Emily", "Evelyn", "George", "Gus", "Maru", "Penny", "Pierre", "Sam", "Sebastian", "Wizard", "Abigail", "Dwarf"],
        "Dislike": ["Marnie"],
        "Hate": ["Lewis"]
    },
    "NameLocalization":
    {
        "es": "Mayonesa morada suertuda",
        "ko": "행운의 보라색 마요네즈",
        "de": "Lucky Purple Mayonnaise",
        "fr": "Mayonnaise violette chanceuse",
        "hu": "Lila szerencsés majonéz",
        // "it": "",
        "ja": "ラッキーパープルマヨネーズ",
        "pt": "Maionese Roxa da Sorte",
        "ru": "Фиолетовый майонез",
        // "tr": "",
        "zh": "幸运的紫色蛋黄酱",
    },
    "DescriptionLocalization":
    {
        "es": "Espero que hayas usado un elemento limpio.",
        "ko": "아이템 스포너를 사용하셨길 바랍니다.",
        "de": "Ich hoffe, du hast einen Item-Spawner benutzt.",
        "fr": "J'espère que vous avez utilisé un générateur d'objets.",
        "hu": "Remélem csalással szerezted meg.",
        // "it": "",
        "ja": "アイテムスポナーでも使ってください。",
        "pt": "Espero que você tenha usado um gerador de ítens.",
        "ru": "Я надеюсь, что вы использовали читы, чтобы получить это.",
        // "tr": "",
        "zh": "我希望你用点能正常放入鸡舍孵化器里的东西来制作.....",
    }
}
