{
    "Name": "Cafe Latte",
    "Description": "A classic coffee shop drink. Lightly bitter and sweet in just the right amounts.",
    "Category": "ArtisanGoods",
    "Edibility": 30,
    "EdibleIsDrink": true,
    "EdibleBuffs":
    {
        "Farming": 0,
        "Fishing": 0,
        "Mining": 0,
        "Luck": 0,
        "Foraging": 0,
        "MaxStamina": 0,
        "MagnetRadius": 0,
        "Speed": 1,
        "Defense": 0,
        "Attack": 0,
        "Duration": 180,
    },
    "Price": 405,
    "IsColored": false,
    "Recipe": null,
    "NameLocalization":
    {
        "es": "Café Latte",
        "ko": "카페 라떼",
        "de": "Café Latte",
        "fr": "Café Latté",
        "hu": "Caffé látte",
         // "it": "",
        "ja": "カフェラテ",
        "pt": "Café Latte",
        "ru": "Латте",
         // "tr": "",
        "zh": "拿铁咖啡",
    },
    "DescriptionLocalization":
    {
        "es": "Una bebida clásica de las cafeterías. Ligeramente amargo pero dulce en las cantidades adecuadas.",
        "ko": "대표적인 커피숍 음료. 적당히 쓴 맛과 단 맛이 납니다.",
        "de": "Ein klassisches Kaffee-Getränk. Leicht bitter und süß in den richtigen Mengen.",
        "fr": "Une boisson classique des brûleries. Légérement amer et doux dans les bonnes mesures.",
        "hu": "Egy klasszikus kávé. Enyhén keserű és édes, pont tökéletes.",
         // "it": "",
        "ja": "コーヒー店での定番の飲み物。程よい苦みと甘さ。",
        "pt": "Uma bebida clássica das cafeterias. Um pouco amargo mas doce nas medidas adqueadas.",
        "ru": "Классический кофейный напиток. Слегка горький и в нужных количествах сладкий.",
         // "tr": "",
        "zh": "经典的咖啡厅饮料。苦涩和甘甜都恰到好处。",
    }
}
