{
    "Name": "Fruit Juice",
    "Description": "Freshly squeezed fruit juice.",
    "Category": "ArtisanGoods",
    "Edibility": -300,
    "Price": 225,
    "IsColored": false,
    "Recipe": null,
    "GiftTastes":
    {
        "Like": ["Abigail", "Alex", "Caroline", "Clint", "Demetrius", "Dwarf", "Elliott", "Emily", "Evelyn", "George", "Gus", "Haley", "Harvey", "Jas", "Jodi", "Kent", "Leah", "Lewis", "Linus", "Marnie", "Maru", "Pam", "Penny", "Pierre", "Robin", "Sam", "Sandy", "Sebastian", "Shane", "Vincent", "Wizard"],
        "Dislike": ["Krobus", "Willy"],
    },
    "NameLocalization":
    {
        "es": "Jugo de fruta",
        "ko": "과일 주스",
        "de": "Fruchtsaft",
        "fr": "Jus de fruit",
        "hu": "Gyümölcslé",
         // "it": "",
        "ja": "フルーツジュース",
        "pt": "Suco de Fruta",
        "ru": "Фруктовый сок",
         // "tr": "",
        "zh": "果汁",
    },
    "DescriptionLocalization":
    {
        "es": "Jugo de fruta recién exprimido.",
        "ko": "갓 짜낸 과일 주스.",
        "de": "Frisch gepresster Fruchtsaft.",
        "fr": "Jus de fruit fraîchement pressé.",
        "hu": "Egy frissen facsart gyümölcs leve.",
         // "it": "",
        "ja": "絞りたてのフルーツジュース。",
        "pt": "Suco de Fruta recém espremido.",
        "ru": "Свежевыжатый фруктовый сок.",
         // "tr": "",
        "zh": "鲜榨果汁。",
    }
}
