{
    "Name": "Mango Passion Fruit Fruit Sorbet",
    "Description": "A refreshing fruit sorbet made from fresh mangos, passion fruit, and a splash of vodka.",
    "Category": "ArtisanGoods",
    "Edibility": 60,
    "EdibleIsDrink": false,
    "Price": 550,
    "IsColored": false,
    "Recipe": null,
    "GiftTastes":
    {
        "Love": ["Jas", "Vincent"],
        "Like": ["Demetrius", "Elliott", "Haley", "Harvey", "Jodi", "Kent", "Leah", "Lewis", "Linus", "Pam", "Robin", "Sandy", "Shane"],
        "Neutral": ["Alex", "Caroline", "Clint", "Dwarf", "Emily", "Evelyn" ,"George", "Gus", "Krobus", "Marnie", "Maru", "Penny", "Pierre", "Sam", "Sebastian", "Willy", "Wizard"],
        "Dislike": ["Abigail"]
    },
    "NameLocalization":
    {
        // "es": "",
        "ko": "망고 패션프루트 과일 셔벗",
        // "de": "",
        "fr": "Sorbet au fruit de la passion et à la mangue",
        "hu": "Mangós-maracujás sörbet",
        // "it": "",
        "ja": "マンゴーとパッションフルーツのシャーベット",
        // "pt": "",
        // "ru": "",
        // "tr": "",
         "zh": "芒果百香雪葩",
    },
    "DescriptionLocalization":
    {
        // "es": "",
        "ko": "신선한 망고와 패션프루트, 보드카 한 방울로 만든 상큼한 과일 셔벗.",
        // "de": "",
        "fr": "Un sorbet rafraîchissant fait à partir de mangue, d'un fruit de la passion et d'un trait de vodka.",
        "hu": "Egy frissítő gyümölcs sörbet, mely mangó, maracuja, és egy kevés vodka felhaszálásával készült.",
        // "it": "",
        "ja": "新鮮なマンゴーとパッションフルーツを炭酸ウォッカと合わせてつくった、さわやかなシャーベット。",
        // "pt": "",
        // "ru": "",
        // "tr": "",
         "zh": "清新口味的水果雪葩，用新鲜的芒果、百香果和少量的伏特加制成。",
    }
}
