{
    "Name": "Vanilla Latte",
    "Description": "Fresh, fragrant vanilla in a classic beverage.",
    "Category": "ArtisanGoods",
    "Edibility": 30,
    "EdibleIsDrink": true,
    "EdibleBuffs":
    {
        "Farming": 0,
        "Fishing": 0,
        "Mining": 0,
        "Luck": 0,
        "Foraging": 0,
        "MaxStamina": 0,
        "MagnetRadius": 0,
        "Speed": 1,
        "Defense": 0,
        "Attack": 0,
        "Duration": 180,
    },
    "Price": 450,
    "IsColored": false,
    "Recipe": null,
    "NameLocalization":
    {
        "es": "Latte de vainilla",
        "ko": "바닐라 라떼",
        "de": "Vanille Latte",
        "fr": "Latté à la vanille",
        "hu": "Vanília látte",
         // "it": "",
        "ja": "バニララテ",
        "pt": "Latte de Baunilha",        
        "ru": "Ванильный латте",
         // "tr": "",
        "zh": "香草拿铁",
    },
    "DescriptionLocalization":
    {
        "es": "Fresca, permufada vainilla en una bebida clásica.",
        "ko": "신선하고, 향기로운 바닐라.",
        "de": "Frische, duftende Vanille in einem klassischen Getränk.",
        "fr": "Un parfum de vanille frais dans une boisson classique.",
        "hu": "Friss, illatos vanília egy klasszikus italban.",
         // "it": "",
        "ja": "新鮮で香り高いバニラをお馴染みの飲み物に。",
        "pt": "Baunilha fresca e perfumada em uma bebida clássica.",
        "ru": "Свежая ароматная ваниль в классическом напитке.",
         // "tr": "",
        "zh": "加入了新鲜芬芳的香草的经典饮品。",
    }
}
