{
    "Name": "Amarena Ice Cream",
    "Description": "Slightly alcoholic specialty with natural cherry aroma.",
    "Category": "ArtisanGoods",
    "Edibility": 38,
    "Price": 350,
    "IsColored": false,
    "Recipe": null,
    "GiftTastes":
    {
        "Love": ["Haley", "Demetrius"],
        "Like": ["Evelyn", "Caroline", "Jodi", "Linus", "Penny", "Sandy", "Clint", "George", "Abigail", "Alex", "Dwarf", "Elliott", "Gus", "Harvey", "Kent", "Lewis", "Maru", "Pam", "Pierre", "Robin", "Sam", "Shane", "Wizard", "Marnie", "Vincent", "Jas"],
        "Dislike": ["Emily", "Leah", "Krobus", "Sebastian", "Willy"]
    },
    "NameLocalization":
    {
        // "es": "",
        "ko": "아마레나 아이스크림",
        "de": "Amarena Eis",
        "fr": "Crème glacée à l'Amarena",
        "hu": "Amarena fagylalt",
        // "it": "",
        "ja": "アマレーナアイスクリーム",
        // "pt": "",
        // "ru": "",
        // "tr": "",
        "zh": "阿玛蕾娜樱桃冰淇淋",
    },
    "DescriptionLocalization":
    {
        // "es": "",
        "ko": "체리주의 향이 감도는 어른스러운 간식.",
        "de": "Leicht alkoholische Spezialität mit Kirscharoma.",
        "fr": "Spécialité légèrement alcoolisée à l'arôme naturel de cerise.",
        "hu": "Egy enyhén alkoholos különlegesség valódi cseresznye aromával.",
        // "it": "",
        "ja": "サクランボが材料のジェラート。かすかにお酒の風味がある。",
        // "pt": "",
        // "ru": "",
        // "tr": "",
        "zh": "散发天然樱桃芳香的冰淇淋，在香味中又蕴含一丝酒精的味道。",
    }
}