{
    "Name": "Lemon Ice Cream",
    "Description": "A fancy, fruity, sour refreshment.",
    "Category": "ArtisanGoods",
    "Edibility": 38,
    "Price": 245,
    "IsColored": false,
    "Recipe": null,
    "GiftTastes":
    {
        "Love": ["Haley", "Demetrius"],
        "Like": ["Evelyn", "Caroline", "Jodi", "Linus", "Penny", "Sandy", "Clint", "George", "Abigail", "Alex", "Dwarf", "Elliott", "Gus", "Harvey", "Kent", "Lewis", "Maru", "Pam", "Pierre", "Robin", "Sam", "Shane", "Wizard", "Marnie", "Vincent", "Jas"],
        "Dislike": ["Emily", "Leah", "Krobus", "Sebastian", "Willy"]
    },
    "NameLocalization":
    {
        // "es": "",
        "ko": "레몬 아이스크림",
        "de": "Zitronen Eis",
        "fr": "Crème glacée au citron",
        // "hu": "",
        "it": "Citromfagyi",
        "ja": "レモンアイスクリーム",
        // "pt": "",
        // "ru": "",
        // "tr": "",
         "zh": "柠檬冰淇淋",
    },
    "DescriptionLocalization":
    {
        // "es": "",
        "ko": "풍성한 과일향이 향긋하고 새콤한 간식.",
        "de": "Eine prickelnde, fruchtig, saure Erfrischung.",
        "fr": "Un rafraîchissement plaisant, fruité et acidulé.",
        "hu": "Egy népszerű, gyümölcsös, savanyú frissítő.",
        // "it": "",
        "ja": "フルーティーで酸味がさわやかな味。",
        // "pt": "",
        // "ru": "",
        // "tr": "",
         "zh": "一种酸酸的果味提神点心，口感奇妙。",
    }
}
