{
    "Name": "Mango Fruit Sorbet",
    "Description": "A refreshing fruit sorbet made from fresh mangos and limes.",
    "Category": "ArtisanGoods",
    "Edibility": 60,
    "EdibleIsDrink": false,
    "Price": 325,
    "IsColored": false,
    "Recipe": null,
    "GiftTastes":
    {
        "Love": ["Jas", "Vincent"],
        "Like": ["Demetrius", "Elliott", "Haley", "Harvey", "Jodi", "Kent", "Leah", "Lewis", "Linus", "Pam", "Robin", "Sandy", "Shane"],
        "Neutral": ["Alex", "Caroline", "Clint", "Dwarf", "Emily", "Evelyn" ,"George", "Gus", "Krobus", "Marnie", "Maru", "Penny", "Pierre", "Sam", "Sebastian", "Willy", "Wizard"],
        "Dislike": ["Abigail"]
    },
    "NameLocalization":
    {
        // "es": "",
        "ko": "망고 과일 셔벗",
        // "de": "",
        "fr": "Sorbet à la mangue",
        "hu": "Mangó sörbet",
        // "it": "",
        "ja": "マンゴーフルーツシャーベット",
        // "pt": "",
        // "ru": "",
        // "tr": "",
         "zh": "芒果果汁雪葩",
    },
    "DescriptionLocalization":
    {
        // "es": "",
        "ko": "신선한 망고와 라임으로 만든 상큼한 과일 셔벗.",
        // "de": "",
        "fr": "Un sorbet rafraîchissant fait à partir de mangues fraîches et de lime.",
        "hu": "Egy frissítő gyümölcs sörbet, mely mangó és lime felhasználásával készült.",
        // "it": "",
        "ja": "新鮮なマンゴーとライムを使った、さわやかなフルーツシャーベット。",
        // "pt": "",
        // "ru": "",
        // "tr": "",
         "zh": "由新鲜芒果和青柠制成的清爽果汁雪葩。",
    }
}
