{
    "Name": "Orange Fruit Sorbet",
    "Description": "A refreshing fruit sorbet made from oranges and lemons.",
    "Category": "ArtisanGoods",
    "Edibility": 60,
    "EdibleIsDrink": false,
    "Price": 425,
    "IsColored": false,
    "Recipe": null,
    "GiftTastes":
    {
        "Love": ["Jas", "Vincent", "Gus"],
        "Like": ["Abigail", "Alex", "Caroline", "Clint", "Dwarf", "Emily", "Evelyn" ,"George", "Gus", "Krobus", "Marnie", "Maru", "Penny", "Pierre", "Sam", "Sebastian", "Willy", "Wizard", "Demetrius", "Elliott", "Haley", "Harvey", "Jodi", "Kent", "Leah", "Lewis", "Linus", "Pam", "Robin", "Sandy", "Shane"],    
    },
    "NameLocalization":
    {
        // "es": "",
        "ko": "오렌지 과일 셔벗",
        // "de": "",
        "fr": "Sorbet à l'orange",
       "hu": "Narancs sörbet",
        // "it": "",
        "ja": "オレンジシャーベット",
        // "pt": "",
        // "ru": "",
        // "tr": "",
         "zh": "橙汁雪葩",
    },
    "DescriptionLocalization":
    {
        // "es": "",
        "ko": "오렌지와 레몬으로 만든 상큼한 과일 셔벗.",
        // "de": "",
        "fr": "Un sorbet rafraîchissant fait à partir d'oranges et de citron.",
       "hu": "Egy frissítő gyümölcs sörbet, narancsból és citromból.",
        // "it": "",
        "ja": "オレンジとレモンを使った、さわやかなフルーツシャーベット。",
        // "pt": "",
        // "ru": "",
        // "tr": "",
         "zh": "由橙子和柠檬制成的清爽水果雪葩。",
    }
}
