{
    "Name": "Dried Herb",
    "Description": "A bundle of dried herbs.",
    "Category": "ArtisanGoods",
    "Edibility": -300,
    "Price": 175,
    "IsColored": true,
    "Recipe": null,
    "GiftTastes":
    {
        "Like": ["Alex", "Caroline", "Clint", "Demetrius", "Dwarf", "Elliott", "Emily", "Evelyn", "George", "Gus", "Harvey", "Jodi", "Kent", "Krobus", "Leah", "Lewis", "Linus", "Marnie", "Maru", "Pam", "Penny", "Pierre", "Robin", "Sandy", "Sebastian", "Shane", "Willy", "Wizard"],
        "Dislike": ["Abigail", "Haley", "Jas", "Sam", "Vincent"],
    },
    "NameLocalization":
    {
        "es": "Hierbas secas",
        "ko": "말린 허브",
        "de": "Getrocknete Kräuter",
        "fr": "Herbes séchées",
        "hu": "Szárított fűszer",
         // "it": "",
        "ja": "ドライハーブ",
        "pt": "Ervas Secas",
        "ru": "Сушёные травы",
         // "tr": "",
        "zh": "干草药",
    },
    "DescriptionLocalization":
    {
        "es": "Un paquete de hierbas secas.",
        "ko": "한 꾸러미의 말린 허브.",
        "de": "Ein Bündel getrockneter Kräuter.",
        "fr": "Un bouquet d'herbes séchées.",
        "hu": "Egy csokor szárított fűszer.",
         // "it": "",
        "ja": "乾燥ハーブを束にしたもの。",
        "pt": "Um agrupamento de ervas secas.",
        "ru": "Пучок сушёных трав.",
         // "tr": "",
        "zh": "一束干草药。",
    }
}
