{
    "Name": "Goat Yogurt",
    "Description": "A tart yogurt that is favored in some lands.",
    "Category": "ArtisanGoods",
    "Edibility": 36,
    "Price": 300,
    "IsColored": false,
    "Recipe": null,
    "GiftTastes":
    {
        "Like": ["Abigail", "Alex", "Caroline", "Clint", "Demetrius", "Dwarf", "Elliott", "Emily", "Evelyn", "George", "Gus", "Haley", "Harvey", "Jodi", "Krobus", "Leah", "Lewis", "Linus", "Marnie", "Maru", "Pam", "Penny", "Pierre", "Robin", "Sam", "Sandy", "Shane", "Willy", "Wizard"],
        "Dislike": ["Jas", "Kent", "Vincent"],
        "Hate": ["Sebastian"],
    },
    "NameLocalization":
    {
        "es": "Yogur de cabra",
        "ko": "염소 요거트",
        "de": "Ziegenjoghurt",
        "fr": "Yogourt au lait de chèvre",
        "hu": "Kecskejoghurt",
         // "it": "",
        "ja": "ヤギヨーグルト",
        "pt": "Iogurte de Cabra",
        "ru": "Йогурт козий",
         // "tr": "",
        "zh": "酸羊奶",
    },
    "DescriptionLocalization":
    {
        "es": "Un yogur agrio preparado a partir de leche de cabra.",
        "ko": "몇몇 나라에서 선호하는 시큼한 요거트.",
        "de": "Ein herber Joghurt, der in einigen Ländern bevorzugt wird.",
        "fr": "Un yogourt acidulé qui est préféré dans certaines régions.",
        "hu": "Egy savanyú joghurt, számos országban közkedvelt.",
         // "it": "",
        "ja": "一部の土地で好まれている酸味のあるヨーグルト。",
        "pt": "Um iogurte azedo feito a partir de leite de cabra.",
        "ru": "Кислый йогурт, которому отдают предпочтение в некоторых странах.",
         // "tr": "",
        "zh": "在一些地方很受欢迎的酸奶。",
    }
}
