{
    "Name": "Sweet Sour Sauce",
    "Description": "A popular condiment with a sweet and sour taste.",
    "Category": "Cooking",
    "Edibility": 5,
    "EdibleIsDrink": false,
    "EdibleBuffs": null,
    "Price": 480,
    "IsColored": false,
    "GiftTastes":
    {
        "Love": ["Abigail", "Krobus", "Willy"],
        "Like": ["Alex", "Caroline", "Clint", "Demetrius", "Dwarf", "Elliott", "Emily", "Evelyn", "George", "Gus", "Harvey", "Jodi", "Leah", "Linus", "Marnie", "Maru", "Pam", "Penny", "Pierre", "Robin", "Sandy", "Sebastian", "Shane", "Wizard"],
        "Dislike": ["Haley", "Jas", "Sam", "Vincent"],
    },
    "Recipe":
    {
        "ResultCount": 1,
        "Ingredients": [
        {
            "Object": 832,
            "Count": 1,
        },
        {
            "Object": 419,
            "Count": 1,
        },
{
            "Object": "Soy Sauce",
            "Count": 1,
        },
{
            "Object": 284,
            "Count": 1,
        },
{
            "Object": 245,
            "Count": 1,
        },],
        "CanPurchase": true,
        "PurchaseFrom": "Willy",
        "PurchasePrice": 450,
        "PurchaseRequirements": ["n willyHours"],
    },
    "NameLocalization":
    {
        // "es": "",
        // "ko": "",
        // "de": "",
        "fr": "Sauce aigre-douce",
        // "hu": "",
        // "it": "",
        "ja": "スイートサワーソース",
        // "pt": "",
        // "ru": "",
        // "tr": "",
        // "zh": "",
    },
    "DescriptionLocalization":
    {
        // "es": "",
        // "ko": "",
        // "de": "",
        "fr": "Un condiment populaire et un mélange de saveurs gagnant.",
        // "hu": "",
        // "it": "",
        "ja": "甘酸っぱい味わいが人気の調味料。",
        // "pt": "",
        // "ru": "",
        // "tr": "",
        // "zh": "",
    }
}