{
    "Name": "Cherry Yogurt Ice Cream",
    "Description": "A fruity fresh refreshment, based on Yoghurt.",
    "Category": "ArtisanGoods",
    "Edibility": 38,
    "Price": 300,
    "IsColored": false,
    "Recipe": null,
    "GiftTastes":
    {
        "Love": ["Haley", "Demetrius"],
        "Like": ["Evelyn", "Caroline", "Jodi", "Linus", "Penny", "Sandy", "Clint", "George", "Abigail", "Alex", "Dwarf", "Elliott", "Gus", "Harvey", "Kent", "Lewis", "Maru", "Pam", "Pierre", "Robin", "Sam", "Shane", "Wizard", "Marnie", "Vincent", "Jas"],
        "Dislike": ["Emily", "Leah", "Krobus", "Sebastian", "Willy"]
    },
    "NameLocalization":
    {
        // "es": "",
        "ko": "체리 요거트 아이스크림",
        "de": "Joghurt Kirsch Eis",
        "fr": "Yogourt glacé à la cerise",
        "hu": "Cseresznyéd joghurtos fagyi",
        // "it": "",
        "ja": "チェリーヨーグルトアイス",
        // "pt": "",
        // "ru": "",
        // "tr": "",
         "zh": "樱桃酸奶冰淇淋",
    },
    "DescriptionLocalization":
    {
        // "es": "",
        "ko": "과일의 신선함과 요거트가 어우러진 간식.",
        "de": "Eine fruchtig frische Erfrischung auf Joghurtbasis.",
        "fr": "Un rafraîchissement fruité, à partir de yogourt.",
        "hu": "Egy gyümölcsös, joghurtos frissítő.",
        // "it": "",
        "ja": "ヨーグルトベースのフルーティーで新鮮でさわやかなアイス。",
        // "pt": "",
        // "ru": "",
        // "tr": "",
         "zh": "以酸奶为基础的樱桃味清新甜品。",
    }
}
