{
  "Name": "Barley Kombucha",
  "Description": "A caffeine free Kombucha.",
  "Category": "ArtisanGoods",
  "Edibility": 26,
  "EdibleIsDrink": true,
  "Price": 640,
  "IsColored": false,
  "Recipe": null,
  "GiftTastes": {
	"Like": ["Alex", "Caroline", "Clint", "Demetrius", "Dwarf", "Elliott", "Emily", "Evelyn", "George", "Gus", "Harvey", "Jodi", "Kent", "Krobus", "Leah", "Lewis", "Linus", "Marnie", "Maru", "Pam", "Penny", "Pierre", "Robin", "Sandy", "Sebastian", "Shane", "Willy", "Wizard"],
	"Dislike": ["Abigail", "Haley", "Jas", "Sam", "Vincent"],
  },
  "NameLocalization":
    {
        "es": "Kombucha de cebada",
        "ko": "보리 콤부차",
        "de": "Gersten-Kombucha",
        "fr": "Kombucha d'orge",
        "hu": "Árpa kombucha",
         // "it": "",
        "ja": "オオムギコンブチャ",
        "pt": "Kombuchá de Cevada",
        "ru": "Ячменная комбуча",
         // "tr": "",
        "zh": "大麦康普茶",
    },
    "DescriptionLocalization":
    {
        "es": "Un kombucha sin cafeína.",
        "ko": "카페인이 들어있지 않은 콤부차.",
        "de": "Ein koffeinfreier Kombucha.",
        "fr": "Un kombucha sans caféine.",
        "hu": "Egy koffeinmentes kombucha.",
         // "it": "",
        "ja": "カフェインフリーのコンブチャ",
        "pt": "Um Kombuchá sem cafeína.",
        "ru": "Безкофеиновая комбуча.",
         // "tr": "",
        "zh": "由大麦茶发酵而成，一种不含咖啡因的康普茶。",
    }
}
