{
    "Name": "Cookie Butter",
    "Description": "Cookies ground into a smooth, delicious paste. Don't lie to yourself. Just use a spoon.",
    "Category": "ArtisanGoods",
    "Edibility": 46,
    "Price": 320,
    "IsColored": false,
    "Recipe": null,
    "GiftTastes":
    {
        "Like": ["Abigail", "Alex", "Caroline", "Clint", "Demetrius", "Dwarf", "Elliott", "Emily", "Evelyn", "George", "Gus", "Haley", "Harvey", "Jas", "Jodi", "Kent", "Leah", "Lewis", "Linus", "Marnie", "Maru", "Pam", "Penny", "Pierre", "Robin", "Sam", "Sandy", "Sebastian", "Shane", "Vincent", "Wizard"],
        "Dislike": ["Krobus", "Willy"],
    },
    "NameLocalization":
    {
        "es": "Galleta de mantequilla",
        "ko": "쿠키 버터",
        "de": "Keksbutter",
        "fr": "Beurre de biscuit",
        "hu": "Kekszkrém",
         // "it": "",
        "ja": "クッキーバター",
        "pt": "Biscoito Amanteigado",
        "ru": "Масло из печенья",
         // "tr": "",
        "zh": "曲奇黄油",
    },
    "DescriptionLocalization":
    {
        "es": "Galletas molidas en una pasta suave y deliciosa. No te mientas a ti mismo. Solo usa una cuchara.",
        "ko": "쿠키를 갈아 만든 부드럽고 맛있는 페이스트. 좋아, 딱 한 숟가락만...",
        "de": "In eine glatte, köstliche Paste gemahlene Kekse. Lüg dich nicht an. Benutze einfach einen Löffel.",
        "fr": "Biscuits broyés en une délicieuse et onctueuse pâte. Ne vous mentez pas à vous-même. Utilisez juste une cueillère.",
        "hu": "Darált kekszből készített lágy, isteni paszta. Ne állj ellen magadnak. Csak használj egy kanalat.",
         // "it": "",
        "ja": "クッキーを砕いて滑らかなペーストにしたもの。スプーンを使おう。",
        "pt": "Biscoitos moídos em uma pasta suave e deliciosa. Não minta a si mesmo, só usa uma colher!",
        "ru": "Печенье измельчают в гладкую, вкусную пасту. Не врите себе. Просто используйте ложку.",
         // "tr": "",
        "zh": "饼干磨成光滑、美味的糊状物。不要欺骗你自己，放开吃。记得用勺子。",
    }
}
