{
  "Name": "Cointreau",
  "Description": "A strong liquer made from oranges.",
  "Category": "ArtisanGoods",
  "Edibility": 8,
    "EdibleIsDrink": true,
    "EdibleBuffs":
    {
        "Farming": 0,
        "Fishing": 0,
        "Mining": 0,
        "Luck": 0,
        "Foraging": 0,
        "MaxStamina": 0,
        "MagnetRadius": 0,
        "Speed": -2,
        "Defense": 0,
        "Attack": 0,
        "Duration": 180,
    },
  "Price": 350,
  "IsColored": false,
  "Recipe": null,
  "CanPurchase": true,
  "PurchaseFrom": "Gus",
  "PurchasePrice": 350,
    "GiftTastes":
    {
        "Love": ["Pam", "Shane", "Gus"],
        "Like": ["Caroline", "Elliott", "Jodi", "Leah", "Lewis", "Pierre", "Robin"],
        "Neutral": ["Marnie", "Clint", "George", "Sebastian", "Abigail", "Alex", "Demetrius", "Dwarf", "Emily", "Evelyn", "Harvey", "Kent", "Krobus", "Linus", "Maru", "Sam", "Sandy", "Willy", "Wizard"],
        "Dislike": ["Haley", "Penny"],
        "Hate": ["Vincent", "Jas"]
  },

    "NameLocalization":
    {
        "es": "Cointreau",
        "ko": "쿠앵트로",
        //"de": "",
        "fr": "Cointreau",
        "hu": "Cointreau",
        // "it": "",
        "ja": "コアントロー",
        // "pt": "",
        // "ru": "",
        // "tr": "",
        "zh": "君度利口酒",
    },
    "DescriptionLocalization":
    {
        "es": "Un licor fuerte hecho de naranjas.",
        "ko": "오렌지로 만든 독한 술.",
        //"de": "",
        "fr": "Une liqueur forte faite d'écorces d'oranges.",
        "hu": "Narancs felhasználásával előállított erős likőr.",
        // "it": "",
        "ja": "オレンジから作られた度数強めのリキュール。",
        // "pt": "",
        // "ru": "",
        // "tr": "",
        "zh": "用橙子酿制的烈性酒。",
    }

}
