{
    "Name": "Hot Irish Coffee",
    "Description": "Hot coffee and whiskey, together at last!",
    "Category": "ArtisanGoods",
    "Edibility": 30,
    "EdibleIsDrink": true,
    "EdibleBuffs":
    {
        "Farming": 0,
        "Fishing": 0,
        "Mining": 0,
        "Luck": 2,
        "Foraging": 0,
        "MaxStamina": 0,
        "MagnetRadius": 0,
        "Speed": 0,
        "Defense": -1,
        "Attack": 1,
        "Duration": 180,
    },
    "CanPurchase": true,
    "PurchaseFrom": "Gus",
    "PurchasePrice": 1500,
        "Price": 500,
    "IsColored": false,
    "Recipe": null,
    "NameLocalization":
    {
        "es": "Café irlandés caliente",
        "ko": "핫 아이리시 커피",
        "de": "Heißer Irish Coffee",
        "fr": "Café irlandais",
        "hu": "Forró ír kávé",
         // "it": "",
        "ja": "アイリッシュコーヒー",
        "pt": "Café Irlandês Quente",        
        "ru": "Горячий ирландский кофе",
         // "tr": "",
        "zh": "热爱尔兰咖啡",
    },
    "DescriptionLocalization":
    {
        "es": "Café caliente con whisky, ¡por fin juntos!",
        "ko": "뜨거운 커피와 위스키, 마침내 만나다!",
        "de": "Endlich heißer Kaffee und Whiskey zusammen!",
        "fr": "Café chaud et whiskey, enfin réunis!",
        "hu": "Forró kávé és whisky, végre együtt!",
         // "it": "",
        "ja": "ホットコーヒーとウィスキーをとうとう一緒に！",
        "pt": "Café quente com uísque. Por fim, juntos!",
        "ru": "Долгожданное сочетание: горячий кофе и виски!",
         // "tr": "",
        "zh": "热咖啡和威士忌终于凑在一起了！",
    }
}
