{
    "Name": "Coconut Butter",
    "Description": "A light butter with a tropical scent.",
    "Category": "ArtisanGoods",
    "Edibility": 6,
    "Price": 250,
    "IsColored": false,
    "Recipe": null,
    "GiftTastes":
    {
        "Love": ["Haley", "Linus"],
        "Like": ["Demetrius", "Elliott", "Harvey", "Jas", "Jodi", "Kent", "Leah", "Lewis", "Pam", "Robin", "Sandy", "Shane", "Vincent"],
        "Neutral": ["Alex", "Caroline", "Clint", "Emily", "Evelyn", "George", "Gus", "Krobus", "Marnie", "Maru", "Penny", "Pierre", "Sam", "Sebastian", "Willy", "Wizard"],
        "Dislike": ["Abigail", "Dwarf"]
    },
    "NameLocalization":
    {
        "es": "Mantequilla de coco",
        "ko": "코코넛 버터",
        "de": "Kokosnuss-Butter",
        "fr": "Beurre de coco",
        "hu": "Kókuszvaj",
         // "it": "",
        "ja": "ココナッツバター",
        "pt": "Manteiga de Coco",
        "ru": "Кокосовая паста",
         // "tr": "",
        "zh": "椰子黄油",
    },
    "DescriptionLocalization":
    {
        "es": "Mantequilla ligera con un aroma tropical.",
        "ko": "열대 향이 나는 가벼운 버터.",
        "de": "Eine leichte Butter mit einem tropischen Duft.",
        "fr": "Un beurre léger avec une senteur tropicale.",
        "hu": "Egy lágyabb vaj enyhe trópusi beütéssel.",
         // "it": "",
        "ja": "トロピカルな香りの軽めのバター。",
        "pt": "Manteiga leve com um aroma tropical.",
        "ru": "Легкая паста с тропическим ароматом.",
         // "tr": "",
        "zh": "一种充满椰香的素黄油。",
    }
}
