{
    "Name": "Umeshu",
    "Description": "A sweet wine fermented from plums. Drink in moderation.",
    "Category": "ArtisanGoods",
    "Edibility": 16,
    "EdibleIsDrink": true,
    "EdibleBuffs":
    {
        "Farming": 0,
        "Fishing": 0,
        "Mining": 0,
        "Luck": 0,
        "Foraging": 0,
        "MaxStamina": 0,
        "MagnetRadius": 0,
        "Speed": -2,
        "Defense": 0,
        "Attack": 0,
        "Duration": 180,
    },
    "Price": 400,
    "IsColored": false,
    "Recipe": null,
    "GiftTastes":
    {
        "Love": ["Pam", "Shane"],
        "Like": ["Gus"],
        "Neutral": ["Marnie", "Clint", "George", "Sebastian", "Abigail", "Alex", "Caroline", "Demetrius", "Dwarf", "Elliott", "Emily", "Evelyn", "Haley", "Harvey", "Jodi", "Kent", "Krobus", "Leah", "Lewis", "Linus", "Maru", "Pierre", "Robin", "Sam", "Sandy", "Willy", "Wizard"],
        "Dislike": ["Penny"],
        "Hate": ["Vincent", "Jas"]
    },
    "NameLocalization":
    {
        "es": "Umeshu",
        "ko": "우메슈",
        "de": "Umeshu",
        "fr": "Umeshu",
        "hu": "Umeshu",
         // "it": "",
        "ja": "梅酒",
        "pt": "Umeshu",
        "ru": "Умэсю",
         // "tr": "",
        "zh": "梅酒",
    },
    "DescriptionLocalization":
    {
        "es": "Un vino dulce fermentado a partir de ciruelas. Beber con moderación.",
        "ko": "매실을 증류시켜 만든 달콤한 술. 절제해서 드세요.",
        "de": "Ein japanischer Likör aus Aprikosen. Genieße ihn in Maßen.",
        "fr": "Un alcool doux fermenté à partir de prunes. À boire avec modération.",
        "hu": "Egy édes bor szilvából erjesztve. Fogyasszad mértékkel!",
         // "it": "",
        "ja": "プラムを発酵させた甘いワイン。適度に飲んでください。",
        "pt": "Um vinho doce fermentado a partir de ameixas. Beba com moderação!",
        "ru": "Сладкое вино из сбродивших слив. Пейте в меру.",
         // "tr": "",
        "zh": "一种由李子发酵而成的甜酒。适量饮酒。",
    }
}
