{
    "Name": "Toasted Coconut Mocha",
    "Description": "A gentle mixture of chocolate and coconut flavors. The aroma is heavenly.",
    "Category": "ArtisanGoods",
    "Edibility": 30,
    "EdibleIsDrink": true,
    "EdibleBuffs":
    {
        "Farming": 0,
        "Fishing": 0,
        "Mining": 0,
        "Luck": 0,
        "Foraging": 0,
        "MaxStamina": 0,
        "MagnetRadius": 0,
        "Speed": 1,
        "Defense": 0,
        "Attack": 0,
        "Duration": 180,
    },
    "Price": 600,
    "IsColored": false,
    "Recipe": null,
    "NameLocalization":
    {
        "es": "Moca de coco tostado",
        "ko": "구운 코코넛 모카",
        "de": "Gerösteter Kokosnuss-Mokka",
        "fr": "Moka à la noix de coco grillée",
        "hu": "Pirított kókuszos kávé",
         // "it": "",
        "ja": "ココナッツモカ",
        "pt": "Mocha de Coco Torrado",
        "ru": "Кокосовый мокко",
         // "tr": "",
        "zh": "炙椰摩卡",
    },
    "DescriptionLocalization":
    {
        "es": "Una mezcla suave de chocolate y coco. El aroma es celestial.",
        "ko": "초콜릿과 코코넛의 부드러운 혼합. 향이 천국같아요.",
        "de": "Eine sanfte Mischung aus Schokoladen- und Kokosaromen. Das Aroma ist himmlisch.",
        "fr": "Un doux mélange de saveurs de chocolat et de noix de coco. L'arôme est divin.",
        "hu": "A csokoládé és a kókusz kellemes keveréke. Az íze mennyei.",
         // "it": "",
        "ja": "チョコとココナッツの優雅な風味。天にも昇る香り。",
        "pt": "Uma mistura suave de chocolate e coco. Seu aroma é celestial.",
        "ru": "Нежная смесь вкусов шоколада и кокоса. Райский вкус.",
         // "tr": "",
        "zh": "巧克力和椰子的味道在杯中糅合氤氲。闻之令人愉悦。",
    }
}
