{
    "Name": "Raspberry Dragon Fruit Fruit Sorbet",
    "Description": "A refreshing fruit sorbet made from dragon fruit, raspberries, and oranges.",
    "Category": "ArtisanGoods",
    "Edibility": 60,
    "EdibleIsDrink": false,
    "Price": 400,
    "IsColored": false,
    "Recipe": null,
    "GiftTastes":
    {
        "Love": ["Pam", "Sam", "Jas", "Vincent"],
        "Like": ["Elliott", "Haley", "Harvey", "Jodi", "Kent", "Leah", "Lewis", "Linus", "Robin", "Sandy", "Shane"],
        "Neutral": ["Alex", "Caroline", "Clint", "Demetrius", "Dwarf", "Emily", "Evelyn", "George", "Gus", "Krobus", "Marnie", "Maru", "Penny", "Pierre", "Sebastian", "Willy", "Wizard"],
        "Dislike": ["Abigail"],
    },
    "NameLocalization":
    {
        // "es": "",
        "ko": "라즈베리 용과 과일 셔벗",
        // "de": "",
        "fr": "Sorbet au fruit du dragon et à la framboise",
       "hu": "Málnás-sárkánygyümölcsös sörbet",
        // "it": "",
        "ja": "ラズベリーとドラゴンフルーツのシャーベット",
        // "pt": "",
        // "ru": "",
        // "tr": "",
         "zh": "树莓火龙果果汁雪葩",
    },
    "DescriptionLocalization":
    {
        // "es": "",
        "ko": "용과, 산딸기, 오렌지로 만든 상큼한 과일 셔벗.",
        // "de": "",
        "fr": "Un sorbet rafraîchissant fait à partir de fruit du dragon, de framboises et d'oranges.",
       "hu": "Egy frissítő gyümölcs sörbet sárkánygyümölcsből, málnából, és narancsból.",
        // "it": "",
        "ja": "ドラゴンフルーツ、ラズベリー、オレンジを使った、さわやかなフルーツシャーベット。",
        // "pt": "",
        // "ru": "",
        // "tr": "",
         "zh": "由火龙果、树莓和橙子制成的清爽水果雪葩。",
    }
}
