{
    "Name": "Teriyaki Sauce",
    "Description": "This simple but amazing teriyaki sauce will take your dish to another level!",
    "Category": "Cooking",
    "Edibility": 5,
    "EdibleIsDrink": false,
    "EdibleBuffs": null,
    "Price": 430,
    "IsColored": false,
    "GiftTastes":
    {
        "Love": ["Abigail", "Krobus", "Willy"],
        "Like": ["Alex", "Caroline", "Clint", "Demetrius", "Dwarf", "Elliott", "Emily", "Evelyn", "George", "Gus", "Harvey", "Jodi", "Leah", "Linus", "Marnie", "Maru", "Pam", "Penny", "Pierre", "Robin", "Sandy", "Sebastian", "Shane", "Wizard"],
        "Dislike": ["Haley", "Jas", "Sam", "Vincent"],
    },
    "Recipe":
    {
        "ResultCount": 1,
        "Ingredients": [
        {
            "Object": "Soy Sauce",
            "Count": 1,
        },
        {
            "Object": "Ginger",
            "Count": 1,
        },
        {
            "Object": 340,
            "Count": 1,
        },
        {
            "Object": 248,
            "Count": 1,
        }, ],
        "CanPurchase": true,
        "PurchaseFrom": "Willy",
        "PurchasePrice": 450,
    },
    "NameLocalization":
    {
        // "es": "",
        // "ko": "",
        // "de": "",
        "fr": "Sauce teriyaki",
        // "hu": "",
        // "it": "",
        "ja": "テリヤキソース",
        // "pt": "",
        // "ru": "",
        // "tr": "",
        // "zh": "",
    },
    "DescriptionLocalization":
    {
        // "es": "",
        // "ko": "",
        // "de": "",
        "fr": "Cette sauce simple mais unique fera passer vos plats au niveau supérieur.",
        // "hu": "",
        // "it": "",
        "ja": "このシンプルでいて最高のソースはあなたの料理を別次元のレベルに引き上げます！",
        // "pt": "",
        // "ru": "",
        // "tr": "",
        // "zh": "",
    }
}