{
    "Name": "Rice Noodles",
    "Description": "A bag of thin, rice-flavored noodles.",
    "Category": "ArtisanGoods",
    "Edibility": -300,
    "Price": 300,
    "IsColored": false,
    "Recipe": null,
    "GiftTastes":
    {
        "Neutral": ["Gus"],
        "Dislike": ["Abigail", "Alex", "Caroline", "Clint", "Demetrius", "Dwarf", "Elliott", "Emily", "Evelyn", "George", "Haley", "Harvey", "Jas", "Jodi", "Kent", "Krobus", "Leah", "Lewis", "Linus", "Marnie", "Maru", "Pam", "Penny", "Pierre", "Robin", "Sam", "Sandy", "Sebastian", "Shane", "Vincent", "Willy", "Wizard"],
    },
    "NameLocalization":
    {
        "es": "Fideos de arroz",
        "ko": "쌀국수",
        "de": "Reisnudeln",
        "fr": "Nouilles de riz",
        "hu": "Rizstészta",
         // "it": "",
        "ja": "ライスヌードル",
        "pt": "Macarrão de Arroz",
        "ru": "Рисовая лапша",
         // "tr": "",
        "zh": "米粉",
    },
    "DescriptionLocalization":
    {
        "es": "Una bolsa de fideos finos hechos de arroz.",
        "ko": "얇은 쌀국수 한 봉지.",
        "de": "Eine Tüte mit dünnen Reisnudeln.",
        "fr": "Un sac de fines nouilles de riz.",
        "hu": "Egy zacskó vékony, rizs ízű tészta.",
         // "it": "",
        "ja": "米から出来た細めの袋麺。",
        "pt": "Uma bolsa de trigo fino feito de arroz.",
        "ru": "Мешок тонкой лапши со вкусом риса.",
         // "tr": "",
        "zh": "一袋细的米粉。",
    }
}
