{
    "Name": "Kefir",
    "Description": "Made from sheep or goat milk and a kefir yeast. It's creamy.",
    "Category": "ArtisanGoods",
    "Edibility": 34,
    "EdibleIsDrink": true,
    "Price": 200,
    "IsColored": false,
    "Recipe": null,
    "GiftTastes":
    {
        "Like": ["Abigail", "Alex", "Caroline", "Clint", "Demetrius", "Dwarf", "Elliott", "Emily", "Evelyn", "Gus", "Haley", "Harvey", "Jodi", "Krobus", "Leah", "Lewis", "Linus", "Marnie", "Maru", "Pam", "Penny", "Pierre", "Robin", "Sam", "Sandy", "Shane", "Willy", "Wizard"],
        "Dislike": ["George"],
        "Hate": ["Jas", "Kent", "Sebastian", "Vincent"],
    },
    "NameLocalization":
    {
        "es": "Kéfir",
        "ko": "케피르",
        "de": "Kefir",
        "fr": "Kéfir",
        "hu": "Kefir",
         // "it": "",
        "ja": "ケフィア",
        "pt": "Kefir",
        "ru": "Кефир",
         // "tr": "",
        "zh": "开菲尔酸奶",
    },
    "DescriptionLocalization":
    {
        "es": "Un cremoso yogur elaborado con leche de cabra o de oveja, con un poco de levadura kéfir.",
        "ko": "양이나 염소젖을 발효시켜 만든 케피르. 크리미합니다.",
        "de": "Hergestellt aus Schafs- oder Ziegenmilch und der Kefirhefe. Es ist cremig.",
        "fr": "Fait à partir de lait de brebis ou de chèvre et de levure de kéfir. C'est crémeux.",
        "hu": "Juh- vagy kecsketej, és kefir-élesztő felhasználásával készül. Krémes.",
         // "it": "",
        "ja": "ヒツジまたはヤギのミルクにケフィア酵母を入れて作られる。クリーミー。",
        "pt": "Um iogurte cremoso feito de leite de cabra ou de ovelha, com levedura de Kefir",        
        "ru": "Сделано из овечьего или козьего молока и кефирных дрожжей.",
         // "tr": "",
        "zh": "用羊奶或山羊奶混入开菲尔酵母制成。这种酸奶有奶油的口感。",
    }
}
