{
    "Name": "Black Pepper Mayonnaise",
    "Description": "It looks like normal mayonnaise but with black pepper.",
    "Category": "ArtisanGoods",
    "Edibility": -300,
    "Price": 260,
    "IsColored": false,
    "Recipe": null,
    "GiftTastes":
    {
        "Like": ["Abigail", "Alex", "Clint", "Demetrius", "Dwarf", "Elliott", "Emily", "Evelyn", "George", "Gus", "Haley", "Harvey", "Jodi", "Kent", "Krobus", "Leah", "Lewis", "Linus", "Marnie", "Maru", "Pam", "Penny", "Pierre", "Robin", "Sandy", "Shane", "Willy", "Wizard"],
        "Dislike": ["Caroline"],
        "Hate": ["Jas", "Sam", "Sebastian", "Vincent"],
    },
    "NameLocalization":
    {
        "es": "Mayonesa de pimienta negra",
        "ko": "후추 마요네즈",
        "de": "Schwarzpfeffer-Mayonnaise",
        "fr": "Mayonnaise au poivre noir",
        "hu": "Feketeborsos majonéz",
         // "it": "",
        "ja": "黒コショウマヨネーズ",
        "pt": "Maionese de Pimenta Preta",
        "ru": "Майонез с чёрным перцем",
         // "tr": "",
        "zh": "黑胡椒蛋黄酱",
    },
    "DescriptionLocalization":
    {
        "es": "Parece una mayonesa normal pero con pimienta negra.",
        "ko": "평범한 마요네즈에 후추가 들어있습니다.",
        "de": "Es sieht aus wie normale Mayonnaise, aber mit schwarzem Pfeffer.",
        "fr": "Ça ressemble à de la mayonnaise normale mais avec du poivre noir.",
        "hu": "Olyan, mint a sima majonéz, csak ebben van feketebors.",
         // "it": "",
        "ja": "普通のマヨネーズのように見えるが、黒コショウが混ぜられている。",
        "pt": "Parece uma maionese normal, mas com pimenta negra.",
        "ru": "Это похоже на обычный майонез, но с чёрным перцем.",
         // "tr": "",
        "zh": "它看起来就是普通的蛋黄酱，只是洒满了黑胡椒。",
    }
}
