{
    "Name": "Pumpkin Spice Latte",
    "Description": "An autumn favorite. Generally popular with young women, but can be a subject of controversy.",
    "Category": "ArtisanGoods",
    "Edibility": 30,
    "EdibleIsDrink": true,
    "EdibleBuffs":
    {
        "Farming": 0,
        "Fishing": 0,
        "Mining": 0,
        "Luck": 0,
        "Foraging": 0,
        "MaxStamina": 0,
        "MagnetRadius": 0,
        "Speed": 1,
        "Defense": 0,
        "Attack": 0,
        "Duration": 180,
    },
    "Price": 800,
    "IsColored": false,
    "Recipe": null,
    "NameLocalization":
    {
        "es": "Latte de especias y calabaza",
        "ko": "펌킨 스파이스 라떼",
        "de": "Kürbis-Gewürz-Latte",
        "fr": "Latté aux épices d'automne",
        "hu": "Fűszeres-sütőtökös látte.",
         // "it": "",
        "ja": "パンプキンスパイスラテ",
        "pt": "Latte de Tempero de Abóbora",        
        "ru": "Тыквенное пряное латте",
         // "tr": "",
        "zh": "南瓜香味拿铁",
    },
    "DescriptionLocalization":
    {
        "es": "Un favorito en otoño. Generalmente popular entre mujers jóvenes, pero puede ser un tema de controversia.",
        "ko": "가을의 인기 식품. 일반적으로 젊은 여성들에게 인기가 있지만, 논쟁의 대상이 될 수도 있습니다.",
        "de": "Ein Herbstliebling. Generell beliebt bei jungen Frauen, kann aber Gegenstand von Kontroversen sein.",
        "fr": "Un favoris automnal. Généralement populaire auprès des jeunes femmes, mais peut être sujet à controverse.",
        "hu": "Egy őszi favorit. Általában a fiatal nők körében népszerű, de összetűzés tárgyává válhat.",
         // "it": "",
        "ja": "秋のお気に入り。若い女性に人気があるが、ある論争の対象になっている。",
        "pt": "Um favorito do outono, bastante popular entre mulheres jovens, mas é um tema controverso.",
        "ru": "Осенний фаворит. Популярный среди молодых женщин, он является объектом некоторых споров.",
         // "tr": "",
        "zh": "秋天的最爱。通常在年轻女性中很受欢迎，但可能会引起争议。",
    }
}
